EmployeeID,EmployeeName,DepartmentID,BusinessUnitID,RegionID,JobTitle,HireDate,Salary,ExperienceYears,PerformanceRating
1,Lisa Rice,19,10,5,Specialist,2020-06-17,170148.78,11,3.97
2,Sharon Bryant,10,7,11,Senior Analyst,2018-12-03,138476.7,12,2.42
3,Shannon Rivas,7,6,7,Associate,2020-12-11,93102.2,5,2.13
4,David Soto,1,6,3,Executive Assistant,2024-11-02,47064.24,20,3.86
5,Dr. Cody Gutierrez DDS,16,4,4,Executive Assistant,2018-11-05,105475.26,8,1.77
6,Joanna Hudson,17,7,3,Manager,2023-12-05,59729.84,11,2.48
7,Clinton Wright,20,2,6,Senior Analyst,2021-11-22,85705.25,9,4.08
8,Jason Johnson,9,8,1,Lead Engineer,2025-02-14,146748.14,7,3.69
9,Mr. Tyler Robinson,7,1,6,Senior Analyst,2018-01-26,66606.15,11,1.6
10,Robert Richardson,10,9,2,Senior Analyst,2023-11-22,89947.09,22,4.67
11,Jesse Hendrix,14,9,3,Director,2022-02-02,133038.15,7,4.47
12,Scott Davis,5,9,3,Executive Assistant,2020-02-11,51834.73,15,1.05
13,Ashley Hansen,15,3,1,Lead Engineer,2018-12-15,52440.78,15,3.2
14,Linda Cox,13,2,2,Lead Engineer,2024-06-26,150912.18,22,1.11
15,Dakota Mcclain,20,5,9,Senior Analyst,2020-08-13,108282.31,23,1.57
16,Jessica Leon,19,6,3,Manager,2022-07-28,62356.37,21,1.38
17,Bobby Jackson,12,10,3,Lead Engineer,2021-11-26,55883.01,13,2.3
18,John Proctor,12,9,3,Director,2018-02-16,100859.41,20,3.38
19,Benjamin Smith,15,1,4,Manager,2023-06-28,76473.72,18,4.74
20,Edwin Mclaughlin,5,4,10,Senior Analyst,2022-08-27,81747.87,19,4.11
21,Rebecca Smith,17,6,12,Manager,2020-05-21,177187.46,9,1.95
22,Ashley Singh,13,5,10,Manager,2019-03-05,77845.94,25,3.84
23,Holly Wright,9,1,5,Specialist,2019-07-21,147653.84,7,2.03
24,Michele Hamilton,17,7,10,Lead Engineer,2024-06-21,119927.99,14,3.0
25,Jasmine Martin,8,5,5,Associate,2018-01-22,68942.53,2,3.7
26,Anthony Henderson,11,8,5,Manager,2024-10-22,170224.12,6,2.25
27,Lucas Pierce,13,9,8,Manager,2024-04-15,132018.46,7,3.44
28,Brandi Perez,4,6,10,Manager,2024-08-30,141537.42,23,4.21
29,Kevin Shah,13,3,10,Lead Engineer,2024-05-11,79708.76,8,2.73
30,Amy Murphy,15,8,3,Director,2019-10-20,159720.39,5,3.4
31,Martha Schmidt,14,5,10,Specialist,2021-01-25,163850.29,17,1.85
32,Emily Barnes,17,6,12,Manager,2025-06-05,95741.48,15,1.61
33,Adam Welch,2,10,1,Manager,2019-02-14,56189.3,4,1.79
34,Amanda Zavala,7,8,5,Senior Analyst,2019-10-16,175136.97,19,1.64
35,Daniel Clark,9,9,4,Manager,2022-06-15,69881.38,21,1.4
36,Shannon Bauer,17,8,9,Director,2021-01-18,45261.96,9,3.87
37,Kristin Holland,12,6,10,Lead Engineer,2024-05-24,102372.57,13,4.31
38,Matthew Thomas,8,4,9,Director,2025-01-19,81742.75,20,4.11
39,Beverly Thomas,4,10,4,Manager,2018-09-14,150000.85,7,1.37
40,Taylor Sanders,17,5,3,Associate,2019-02-28,100604.45,9,1.59
41,Kellie Mckinney,20,4,9,Senior Analyst,2019-09-27,60152.96,3,2.26
42,Scott Tucker,20,3,5,Director,2025-12-04,49974.2,3,2.3
43,Clinton Baldwin,17,1,12,Executive Assistant,2020-01-29,132923.02,15,1.75
44,Cassie Salas,11,5,8,Specialist,2024-12-10,147975.57,10,1.29
45,Mark Martin,20,8,8,Executive Assistant,2018-02-02,63809.36,20,4.0
46,Luis Chavez,3,4,1,Lead Engineer,2022-08-07,142104.51,13,3.62
47,Heather Blevins,13,7,8,Lead Engineer,2024-06-13,121550.53,18,4.96
48,Brian Gonzalez,4,3,7,Director,2019-04-07,91409.24,20,3.39
49,Janice Perez,18,3,11,Executive Assistant,2023-08-12,66209.89,16,4.21
50,Gregory Cardenas,3,7,11,Lead Engineer,2019-05-13,51718.43,15,2.8
51,John Potts,18,7,6,Lead Engineer,2018-03-03,135292.06,10,3.02
52,Chloe Bender,14,3,10,Specialist,2021-09-12,115228.05,3,3.06
53,Steve Payne,11,9,12,Executive Assistant,2024-01-02,159749.25,13,4.31
54,Matthew Rangel,5,5,4,Specialist,2018-06-26,168130.01,8,2.25
55,Michelle Flores,10,2,1,Specialist,2022-09-14,141374.27,2,3.1
56,James Park,16,8,8,Associate,2018-07-25,88623.37,15,3.31
57,Jorge Watkins,8,10,11,Director,2023-03-21,177719.39,17,1.9
58,Crystal Parks,8,1,11,Lead Engineer,2025-10-15,124912.16,8,2.44
59,Christina Torres,6,10,11,Director,2018-04-05,58948.85,2,4.81
60,Sarah Alvarez,19,2,11,Lead Engineer,2020-12-13,164412.22,22,2.88
61,Kim Dixon,12,4,4,Executive Assistant,2019-08-08,111007.05,23,3.02
62,Ethan Williams,19,10,12,Senior Analyst,2021-08-09,46005.29,17,1.7
63,James Wright,14,5,12,Manager,2024-04-04,161899.92,6,2.99
64,April Wallace,17,2,12,Associate,2022-04-26,133830.31,23,2.4
65,Kyle Gallegos,6,1,10,Executive Assistant,2018-09-30,154847.07,17,4.55
66,Rebecca Sanchez,11,3,1,Senior Analyst,2022-09-05,111525.97,1,1.7
67,David Keller,5,10,7,Manager,2023-01-02,64132.29,3,1.17
68,Matthew Padilla,3,7,8,Executive Assistant,2023-12-08,48505.79,14,1.49
69,Christopher Mason,17,10,1,Director,2019-06-02,132882.71,15,2.83
70,Erin Tucker,19,9,6,Specialist,2021-04-11,117517.37,25,4.14
71,Joshua Alexander,14,7,2,Associate,2025-02-14,163793.77,25,3.91
72,Patricia Saunders,12,6,1,Associate,2024-03-07,129279.28,11,2.25
73,Ellen Charles,1,2,8,Director,2019-09-09,87755.98,17,3.76
74,Bobby Chavez,20,7,11,Specialist,2022-07-31,123307.45,19,4.61
75,Amy Nunez,8,7,9,Director,2019-08-24,67636.24,17,2.84
76,Heather Nelson,17,9,8,Associate,2020-11-03,96627.32,25,1.99
77,Joshua Garza,1,8,2,Lead Engineer,2024-12-21,117966.27,9,1.03
78,Jessica Smith,14,8,7,Associate,2024-12-26,159871.1,16,4.95
79,Don Espinoza,3,10,7,Manager,2020-07-01,87364.84,8,4.82
80,Sarah Chambers,7,6,10,Executive Assistant,2023-09-01,81893.75,13,2.96
81,William Saunders,13,3,6,Associate,2019-01-19,173735.92,25,4.78
82,Bill Stuart,16,6,3,Lead Engineer,2022-08-17,157875.59,17,4.63
83,Raymond Rogers,17,8,5,Executive Assistant,2024-08-03,108560.04,5,4.28
84,Brent Mendez,9,4,6,Senior Analyst,2023-10-14,85817.35,16,1.34
85,Martin Spears,8,8,11,Executive Assistant,2022-05-10,126333.45,21,2.28
86,Douglas Moss,4,3,5,Director,2023-01-12,75335.31,23,1.92
87,Cynthia Crawford,9,8,1,Lead Engineer,2020-06-28,83132.89,6,3.58
88,Kaitlyn Stephens MD,19,10,4,Manager,2021-10-21,109551.34,18,1.25
89,Erin Gonzalez,4,4,4,Specialist,2021-07-17,56225.12,20,1.31
90,Andrew Matthews,1,7,7,Specialist,2023-11-10,86739.33,23,4.25
91,Zachary Huang,18,2,2,Director,2023-03-16,127732.86,15,4.58
92,Terry Patterson,5,1,3,Specialist,2018-06-02,62933.81,16,4.42
93,Sierra Washington,12,10,7,Manager,2021-08-24,61880.69,12,1.23
94,Terrence Thomas,17,10,12,Executive Assistant,2025-07-20,92995.4,2,2.77
95,Morgan Spencer,17,2,3,Director,2023-09-06,144262.36,8,4.31
96,Melissa Andrews,7,6,8,Manager,2019-07-30,88837.13,18,3.44
97,Mr. Darryl Mahoney III,11,8,10,Senior Analyst,2022-09-17,77740.04,4,3.97
98,Linda Russell,8,8,12,Senior Analyst,2023-11-09,124472.4,15,1.18
99,Caitlin Walsh,18,2,1,Lead Engineer,2021-12-27,48786.19,21,2.2
100,Lori Kirk,18,6,12,Specialist,2024-12-02,46355.45,24,3.72
101,Anthony Smith,8,4,3,Manager,2022-01-07,69370.86,16,3.11
102,Yvonne Armstrong PhD,14,4,1,Manager,2024-09-20,84360.22,24,1.3
103,Jonathan Huffman,4,8,8,Lead Engineer,2019-02-16,73808.73,23,3.13
104,Tyrone Miller,17,5,12,Specialist,2019-08-28,177591.0,9,1.07
105,Daniel Thomas,17,1,8,Manager,2022-08-24,91185.19,9,1.27
106,Stephanie Miller,12,1,5,Director,2019-09-30,131512.06,10,4.09
107,Mrs. Amanda Smith,4,1,8,Lead Engineer,2021-03-11,90850.55,1,3.28
108,Rodney Bennett,5,1,7,Executive Assistant,2023-09-08,113885.22,13,4.59
109,Julia Patterson,15,6,3,Director,2023-03-28,107291.43,21,3.52
110,Abigail Decker,5,1,1,Specialist,2023-06-10,49419.93,2,1.98
111,Andrea Riddle,14,9,11,Manager,2021-10-05,69921.65,25,2.06
112,Sean Adams,13,5,5,Specialist,2018-11-15,160173.63,17,2.98
113,Patricia Taylor,5,8,6,Executive Assistant,2025-12-03,160668.87,4,3.84
114,Angela Moreno,18,4,9,Associate,2022-08-29,165215.87,24,2.5
115,Jody Stephens,16,7,7,Specialist,2019-05-07,116838.56,13,4.62
116,Deborah Perkins,20,2,2,Senior Analyst,2019-04-19,61064.15,21,4.96
117,Mr. Matthew West,10,8,8,Associate,2024-07-13,66785.41,2,2.13
118,Justin Alexander,10,8,1,Senior Analyst,2023-02-11,69840.8,5,2.71
119,Connor Ruiz,9,9,8,Lead Engineer,2025-12-12,160536.14,25,4.58
120,Chad Jackson,19,7,5,Director,2019-05-14,100188.03,18,1.85
121,Gina Scott,5,7,5,Manager,2022-07-07,155537.75,10,4.91
122,Martha Kelly,6,5,7,Director,2022-08-31,95924.54,11,4.79
123,Frank Schultz,12,9,10,Senior Analyst,2019-12-20,115811.54,20,1.06
124,Stephanie Jones,5,6,12,Lead Engineer,2022-03-24,82715.57,2,2.12
125,Jeffrey Rodriguez,7,8,9,Lead Engineer,2025-10-28,122273.39,10,1.74
126,Keith Jones,15,7,1,Associate,2025-01-27,128733.47,17,3.68
127,Jacob Owens,13,3,7,Director,2024-11-02,81289.3,12,4.55
128,Ryan Thompson,12,4,7,Senior Analyst,2020-05-12,138547.75,17,1.57
129,Kristie Hall,9,3,6,Executive Assistant,2018-08-14,167447.94,17,3.63
130,Melinda Mckenzie,12,6,3,Director,2019-08-28,143449.73,3,2.01
131,Pamela Willis,8,10,8,Senior Analyst,2024-05-03,177892.05,11,2.49
132,Johnny House,20,1,7,Manager,2023-05-02,165993.97,20,4.51
133,William Carter,5,6,9,Senior Analyst,2020-04-26,159021.56,15,1.91
134,Bradley Taylor,9,1,1,Executive Assistant,2021-10-03,128296.27,12,1.28
135,Lisa Schwartz,12,1,10,Manager,2020-05-21,74468.2,25,1.42
136,Mariah Reese,18,3,1,Specialist,2024-12-13,55419.06,7,4.67
137,Laura Frye,1,6,5,Director,2024-11-29,164878.78,9,1.58
138,Jack Martinez,14,10,6,Director,2021-02-16,88673.39,22,3.98
139,Douglas Choi,16,6,10,Director,2023-05-24,81947.03,11,3.85
140,James Brooks,2,2,9,Associate,2023-05-17,149453.27,8,3.91
141,Jacqueline Gibson,16,4,8,Director,2022-04-27,73896.02,20,2.98
142,Jasmine Jones,17,8,4,Lead Engineer,2018-08-05,92598.64,15,3.41
143,James Stevenson,2,10,12,Director,2025-01-14,153088.77,1,3.44
144,Madeline Brooks,1,9,4,Director,2021-02-08,67866.76,16,2.47
145,Russell Snow,7,5,6,Senior Analyst,2024-02-23,126955.05,6,2.79
146,Jamie Nelson,20,10,6,Specialist,2023-04-20,159456.15,8,1.97
147,Charles Wells,15,3,7,Manager,2025-09-07,162305.91,9,4.97
148,Ricky Medina,19,8,9,Manager,2019-05-25,153382.75,25,2.18
149,Matthew Hawkins,8,8,1,Director,2019-03-03,141676.37,8,4.39
150,Nancy Little,12,1,7,Executive Assistant,2023-11-28,58804.18,17,1.54
151,Randall Holmes,19,1,9,Specialist,2019-06-22,61955.94,5,2.81
152,Ashley Anderson,16,8,9,Lead Engineer,2022-07-16,56192.56,15,1.76
153,Andrew Avery,16,2,12,Executive Assistant,2018-11-05,139391.07,6,1.88
154,Brittany Guerrero,8,10,2,Executive Assistant,2025-07-08,114556.39,17,1.24
155,Tracey Williams,13,2,10,Lead Engineer,2024-05-16,168091.98,2,2.32
156,Jason Roberts,2,6,4,Executive Assistant,2025-07-12,164959.57,14,2.57
157,Alexandra Russell,6,8,12,Director,2020-12-07,81928.37,22,1.65
158,Joseph Vaughn,12,3,3,Specialist,2023-12-15,124612.1,15,1.64
159,Lisa Phelps,13,1,2,Specialist,2025-04-09,53362.34,4,1.42
160,Donald Esparza,4,4,6,Associate,2021-04-08,145191.7,25,1.58
161,Amanda Russell,7,7,12,Senior Analyst,2023-05-24,51401.18,22,1.4
162,James Marshall,19,7,5,Senior Analyst,2021-06-02,158682.07,20,3.04
163,Joshua Davis,20,5,3,Director,2020-06-14,109160.17,11,2.53
164,Jessica Stewart,16,6,5,Manager,2021-03-30,104059.84,5,2.12
165,Ms. Sheila Cooper,8,5,6,Associate,2023-12-20,87210.05,11,4.32
166,Evan Strickland,3,5,7,Specialist,2023-08-21,64334.21,17,3.19
167,Joshua Wells,11,9,6,Lead Engineer,2021-04-07,172292.49,7,3.88
168,Anthony Fisher,9,5,12,Lead Engineer,2019-12-17,57805.63,11,2.98
169,Cody Doyle,20,2,2,Specialist,2022-12-08,144394.4,7,2.76
170,Joseph Griffin,1,9,11,Director,2024-07-14,162385.6,21,1.23
171,Jennifer Maldonado,11,10,8,Executive Assistant,2025-02-14,109069.12,2,4.92
172,Tony Barron,11,1,9,Associate,2023-03-17,171268.04,22,4.13
173,Matthew Brown,18,6,11,Specialist,2025-12-12,86856.69,18,1.33
174,Jacqueline Vega,11,3,8,Senior Analyst,2020-02-03,143587.48,18,1.74
175,Christina Todd,10,4,9,Senior Analyst,2023-09-04,130974.91,12,4.21
176,Victor Cook,5,2,2,Director,2023-02-20,82820.83,14,3.14
177,Scott Tucker,14,3,7,Senior Analyst,2018-06-05,74769.76,22,1.26
178,Stephanie Holloway,5,7,6,Director,2023-12-03,153405.2,11,1.59
179,Rachel Hunter,7,2,3,Executive Assistant,2019-08-23,86247.4,4,1.37
180,Anthony Nash,4,8,2,Executive Assistant,2020-09-09,83168.1,17,2.92
181,Jacob Hall,20,3,8,Lead Engineer,2022-07-26,103820.81,17,3.4
182,Thomas Huffman,15,8,6,Executive Assistant,2019-02-23,128966.38,17,2.62
183,Steven Kidd,5,3,4,Manager,2019-03-10,63736.67,20,4.59
184,Philip Campbell,19,4,7,Director,2019-11-06,91520.44,22,4.37
185,Mrs. Megan Pollard,20,8,4,Manager,2019-01-26,97364.56,7,2.83
186,Brittney Thomas,4,5,1,Manager,2025-12-12,169474.06,15,3.02
187,Lisa Holland,4,1,12,Associate,2022-04-11,166079.31,15,3.61
188,Barry Palmer,20,6,6,Director,2025-09-18,146324.0,3,4.37
189,Nicholas Bradford,12,2,10,Manager,2022-11-16,76089.54,8,2.52
190,Edwin Fisher,9,3,1,Executive Assistant,2023-03-31,157058.53,15,3.6
191,Mary Foster,5,5,1,Lead Engineer,2023-07-31,99258.56,19,4.03
192,Kimberly Craig,15,7,5,Executive Assistant,2024-07-02,108490.86,8,3.55
193,Adrienne Odom,4,8,2,Senior Analyst,2022-11-23,90826.88,21,3.09
194,Lauren Jennings,4,10,10,Specialist,2024-02-22,113809.91,20,2.79
195,Mr. Samuel Lam,14,9,10,Lead Engineer,2024-12-30,136382.43,19,1.43
196,Melinda Porter,13,3,12,Associate,2023-12-04,76713.93,7,3.04
197,Joseph Walter,15,3,2,Executive Assistant,2021-06-26,96544.74,15,1.48
198,Sandra Rodriguez PhD,2,1,10,Senior Analyst,2025-02-27,136372.12,3,1.06
199,Andrew Evans DDS,3,10,4,Lead Engineer,2025-02-15,120227.12,20,2.12
200,Samantha Huerta,9,3,4,Lead Engineer,2018-09-02,116085.52,20,2.64
201,Marc Morris,16,2,5,Senior Analyst,2018-05-14,170668.13,11,2.23
202,Karen Curtis,16,1,11,Specialist,2024-02-22,95979.32,15,2.54
203,Donna Stout,18,9,7,Specialist,2021-04-17,48590.31,4,4.51
204,Karen Wilson,3,1,8,Senior Analyst,2025-10-04,108020.72,19,3.46
205,Kimberly Smith,9,10,2,Senior Analyst,2025-02-27,78783.74,24,3.48
206,Ashley Morgan,18,10,9,Senior Analyst,2020-05-18,148769.03,14,1.65
207,Tina Mendez,15,10,6,Director,2025-05-26,172310.64,25,4.91
208,Troy Ramos II,20,4,10,Specialist,2025-08-06,46435.62,19,4.44
209,Theresa Little,3,3,2,Lead Engineer,2021-02-17,60109.09,20,4.3
210,Roberto Lewis,6,5,3,Specialist,2025-07-10,142093.17,17,1.37
211,Dawn Bennett,3,10,11,Associate,2019-03-30,84506.95,6,3.69
212,John Fox MD,17,5,8,Senior Analyst,2024-12-25,45224.11,5,1.06
213,Christopher Anderson MD,6,6,2,Lead Engineer,2022-01-08,110004.51,9,2.08
214,Anthony Stevenson,13,4,7,Specialist,2025-09-28,131474.62,6,2.06
215,Kyle Wilson,10,6,3,Director,2018-03-20,112412.4,18,4.86
216,Douglas Carter,12,6,4,Lead Engineer,2018-10-25,155862.15,8,1.93
217,Bonnie Gray,6,3,6,Senior Analyst,2024-07-08,68760.92,9,1.27
218,Angela Collins,18,9,2,Manager,2023-01-02,93860.72,6,2.2
219,Walter Alvarado,1,5,4,Lead Engineer,2022-03-23,123187.21,10,2.92
220,Sharon Sanchez,19,9,3,Specialist,2021-11-23,120363.5,18,4.97
221,Mr. Jeffery Grimes,10,6,8,Specialist,2024-04-29,141908.48,25,2.07
222,Malik Hartman,19,9,1,Manager,2024-01-15,137549.58,18,4.06
223,Kaitlyn Shaw,7,8,3,Specialist,2021-07-10,72489.3,5,3.26
224,Michele Johnson,2,8,3,Manager,2025-04-11,72609.38,17,4.83
225,Megan Soto,16,1,11,Executive Assistant,2025-07-09,70897.96,7,3.43
226,John Ferrell,17,2,7,Executive Assistant,2023-10-08,112250.81,9,1.98
227,David Williams,12,2,9,Executive Assistant,2022-06-13,51095.87,10,4.06
228,Stephanie Hicks,9,9,8,Executive Assistant,2023-07-06,80844.62,25,3.1
229,Thomas Crawford MD,14,6,3,Manager,2018-01-21,113295.05,7,2.35
230,William Garcia,3,10,3,Senior Analyst,2019-12-19,70152.77,22,3.22
231,Sean Campbell,1,9,5,Specialist,2021-12-19,82181.83,11,4.61
232,Lindsey Johnson,1,7,9,Director,2025-07-27,80295.79,6,1.93
233,Seth Mcdowell,17,10,11,Lead Engineer,2018-04-08,143002.23,25,1.96
234,Kristopher Gallegos,11,9,7,Director,2025-11-07,134327.71,10,2.04
235,Susan Hall,4,5,2,Specialist,2024-06-30,57741.24,11,4.85
236,Jasmine Dennis,18,10,7,Director,2024-07-10,162252.28,13,2.61
237,Tyler Savage,14,5,2,Senior Analyst,2020-06-13,100321.77,16,4.01
238,Alfred Hines,14,9,3,Executive Assistant,2018-08-27,121812.94,21,4.12
239,Mia Moreno MD,16,3,5,Manager,2025-09-20,132490.18,22,4.97
240,Patty Ryan,13,6,12,Lead Engineer,2022-06-06,164802.4,20,2.62
241,William Rodriguez,16,3,8,Director,2024-02-16,167609.91,3,3.37
242,Paul Ramirez,5,10,10,Associate,2022-06-18,80481.16,18,4.47
243,Cindy Wilcox,19,9,9,Executive Assistant,2021-07-27,76644.26,19,3.0
244,Robert Patrick,11,5,6,Lead Engineer,2019-09-03,94378.08,20,1.63
245,Leslie Mathews,7,1,11,Director,2024-07-09,77922.63,2,2.21
246,April Johnson,10,5,10,Lead Engineer,2023-08-28,164231.98,24,1.17
247,Theresa Mccann,10,4,12,Associate,2023-04-11,110009.41,19,1.64
248,Charles Phillips,11,4,12,Director,2018-12-31,131950.92,7,3.36
249,Jeffrey Walker,6,3,9,Director,2024-12-01,70062.92,18,2.29
250,Selena Cole,11,4,5,Specialist,2025-10-27,140038.91,17,4.08
251,Alex Bennett,3,4,6,Senior Analyst,2022-03-11,124179.9,14,2.1
252,Dr. Abigail Santiago,3,5,7,Director,2019-12-12,86244.23,4,1.39
253,Rachael Mills,3,6,7,Specialist,2019-11-23,99071.84,4,2.31
254,Makayla Mueller,7,5,11,Associate,2022-07-30,133405.88,4,3.92
255,John Wilson,10,4,10,Specialist,2021-09-24,175847.4,5,4.84
256,William Manning,20,4,6,Director,2025-01-02,104556.48,18,4.84
257,Christina Smith,2,4,12,Lead Engineer,2022-03-11,146724.19,16,1.32
258,Gregory Sloan,3,8,10,Lead Engineer,2024-11-20,47808.4,7,4.2
259,Pamela Jimenez,9,9,7,Senior Analyst,2019-02-09,75111.85,22,3.18
260,Matthew Douglas,18,8,1,Executive Assistant,2025-01-12,85291.73,14,1.26
261,Larry Boone,6,10,12,Specialist,2018-03-11,69225.18,3,2.97
262,Grace Kim,16,7,10,Associate,2022-01-06,178555.52,9,3.93
263,Keith Carter,9,8,11,Specialist,2025-11-14,70523.57,19,2.78
264,Michelle Mcbride,13,4,6,Director,2024-06-16,143400.07,14,1.18
265,Marcus Combs,9,1,5,Manager,2024-08-25,152527.35,7,2.71
266,Jordan Gonzalez,20,1,5,Specialist,2019-04-25,166522.35,16,3.47
267,Ronald Gomez,4,6,5,Senior Analyst,2025-09-01,89074.23,3,4.19
268,Chelsea Miller,20,8,2,Associate,2022-12-20,126033.05,15,3.77
269,Carmen Smith,16,10,3,Specialist,2018-11-26,127356.54,3,1.96
270,Shelly Herrera,3,4,8,Manager,2024-02-24,51954.63,19,4.27
271,Ashley Anderson,2,8,6,Director,2025-05-25,168098.14,5,2.07
272,Seth Lopez,15,6,1,Senior Analyst,2025-04-15,84311.92,19,5.0
273,Brenda Miller,18,8,1,Senior Analyst,2024-08-31,45382.24,11,3.12
274,Kylie Hill,5,8,10,Senior Analyst,2023-09-15,81104.79,11,3.69
275,John Perkins,14,5,2,Senior Analyst,2021-05-16,169715.96,3,2.62
276,George Kline,7,4,7,Senior Analyst,2022-08-12,51555.35,11,2.97
277,Kyle Barr,11,5,2,Senior Analyst,2025-03-10,115079.31,16,1.14
278,Leah Smith,2,6,11,Senior Analyst,2018-06-24,179082.08,7,4.97
279,Sarah Smith,18,10,2,Lead Engineer,2022-11-05,61913.42,24,1.37
280,James Fowler,1,5,10,Associate,2023-12-22,46539.23,5,3.58
281,John Green,9,9,11,Executive Assistant,2018-09-29,128981.31,1,1.21
282,Stephanie Raymond,13,3,11,Associate,2022-11-21,145523.41,3,1.63
283,Shawn Yang,20,8,4,Executive Assistant,2018-03-02,70863.96,23,1.26
284,Gregory Banks,15,5,1,Director,2024-04-22,154790.18,11,2.77
285,Connie White,11,7,2,Director,2020-05-17,168988.21,7,4.62
286,Melanie Kim,5,3,8,Executive Assistant,2025-01-15,143363.71,4,3.78
287,Mr. Alan Sanders MD,11,5,9,Associate,2022-09-12,60489.85,3,4.58
288,Gloria Martinez,1,3,4,Senior Analyst,2024-08-05,64861.9,12,4.13
289,Steven Smith,5,8,9,Lead Engineer,2019-04-06,114538.69,4,3.48
290,Barbara Reeves,4,6,6,Manager,2025-04-22,175044.54,5,4.7
291,Henry Kelley,2,10,10,Executive Assistant,2024-05-21,57935.33,4,2.45
292,Jennifer Brown,15,10,6,Manager,2025-05-06,105297.5,12,3.44
293,William Green,15,3,6,Director,2025-04-12,138690.56,7,4.47
294,Troy Bowen,1,1,10,Associate,2018-11-02,88917.95,2,1.84
295,Jessica Bates,10,10,1,Senior Analyst,2019-02-11,112723.02,20,3.43
296,Amber Griffith,14,8,4,Director,2023-01-19,65749.32,14,1.4
297,Kimberly Hayden,3,10,4,Manager,2024-07-29,140065.59,25,4.78
298,Cynthia Howard,14,7,5,Manager,2021-03-26,97494.0,3,3.71
299,Kimberly Lane,7,4,7,Director,2018-01-19,128571.43,22,2.84
300,Mrs. Amy Brown,16,5,4,Associate,2019-10-16,172940.94,3,1.93
301,Sarah Morrison,4,10,1,Lead Engineer,2018-10-04,102443.62,9,2.24
302,Jennifer Jones,9,4,11,Director,2023-03-26,75555.39,4,2.97
303,Aaron Compton,17,4,8,Senior Analyst,2025-05-28,169765.76,21,1.21
304,Meredith Foster,9,8,3,Lead Engineer,2018-07-20,174912.12,1,3.96
305,Duane Salazar,9,10,4,Specialist,2019-06-11,46696.09,18,3.33
306,Jason Washington,1,7,7,Manager,2022-09-05,169193.54,12,4.36
307,Lisa Spencer,1,9,9,Executive Assistant,2020-12-17,79334.44,23,1.77
308,Madison Miller,13,2,1,Associate,2022-02-05,128879.04,21,4.14
309,Lisa Vasquez,1,3,9,Manager,2024-05-10,65107.91,9,1.16
310,Douglas Davis,19,6,2,Associate,2022-05-19,114510.81,4,3.38
311,Tyler Cooper,14,8,10,Director,2019-01-30,151940.09,2,2.64
312,Robin Garcia,16,9,10,Associate,2022-06-19,154060.44,24,1.64
313,Judy Shaw,5,8,7,Specialist,2019-06-02,163822.57,6,4.22
314,Chelsea Villanueva,1,7,11,Executive Assistant,2025-06-19,95609.25,8,2.75
315,Travis Mcguire,10,8,4,Associate,2025-08-08,162936.57,1,2.05
316,Patrick Cooper,4,1,4,Senior Analyst,2021-08-24,124333.43,7,2.06
317,Sean Ayers,5,4,4,Associate,2022-07-05,93846.9,22,1.37
318,Ivan Smith,15,7,9,Director,2022-01-05,76559.87,22,4.94
319,Gregory Cochran,2,4,6,Executive Assistant,2021-05-20,113936.79,3,2.29
320,Gregory Hayes,7,6,5,Lead Engineer,2023-12-29,92085.24,17,2.78
321,Dr. Colton Rodriguez DVM,3,1,5,Associate,2022-07-11,128551.69,15,3.28
322,Keith Duarte,11,10,11,Senior Analyst,2018-03-26,69556.63,25,3.73
323,Jeffrey Powell,12,6,4,Senior Analyst,2025-11-20,121072.77,18,3.75
324,Hailey Santiago,13,7,10,Lead Engineer,2019-01-02,156042.34,25,4.07
325,Anthony Gonzalez,6,6,9,Manager,2022-01-08,174264.68,1,2.3
326,Kimberly Mckinney,12,5,6,Director,2025-06-14,81542.14,11,4.46
327,John Roberts,18,9,7,Director,2025-09-13,161536.91,15,3.03
328,Kevin Browning,19,6,10,Senior Analyst,2019-04-20,81207.03,22,1.71
329,Daniel Lee,20,8,9,Senior Analyst,2025-06-16,80458.15,23,1.23
330,Kimberly Bowen,7,5,10,Senior Analyst,2020-06-20,88138.76,2,1.69
331,Steven Hill,18,1,10,Director,2021-12-06,80192.18,17,2.67
332,Tammy Hines,8,7,8,Executive Assistant,2021-03-27,72485.79,15,3.29
333,David Wilson,12,5,9,Specialist,2022-12-27,78612.68,16,1.08
334,Lynn Nunez,20,1,11,Manager,2022-04-10,165076.12,25,2.22
335,Melissa Little,4,3,5,Manager,2022-10-16,65843.22,17,1.19
336,Raymond Patel,18,10,6,Director,2022-09-04,115603.12,8,1.49
337,Jessica Flores,19,8,10,Executive Assistant,2021-06-14,152939.71,5,1.67
338,Megan Lopez,1,8,6,Senior Analyst,2025-11-18,152411.67,11,4.76
339,Mary Anderson,5,3,11,Specialist,2018-08-06,51030.61,23,2.14
340,Erika Clark,6,1,5,Executive Assistant,2022-01-24,70886.9,14,4.68
341,Amanda Gomez,5,2,5,Specialist,2020-09-22,169265.68,24,2.15
342,Matthew Kelly,14,10,9,Executive Assistant,2018-02-24,165535.7,8,2.38
343,Michelle Bautista,1,1,11,Director,2018-06-29,118634.93,13,3.07
344,Cody Moreno,6,1,4,Senior Analyst,2021-10-12,171269.9,4,2.12
345,Patrick Bailey DDS,8,6,11,Associate,2020-10-27,163020.71,3,3.45
346,John Jimenez,5,3,2,Lead Engineer,2025-04-21,130219.62,16,4.17
347,Katherine Lucero,13,4,11,Senior Analyst,2025-08-15,150828.17,2,4.74
348,Laura Cox,6,6,1,Director,2018-01-31,69166.76,16,1.3
349,Holly Pham,2,10,9,Associate,2019-03-30,157988.62,14,3.6
350,Leslie Kirby,20,10,8,Specialist,2025-10-27,72391.25,18,4.06
351,Kerri Bell,17,1,3,Associate,2018-07-16,100908.12,13,1.51
352,Charles Wilkinson,15,7,3,Specialist,2020-05-17,136176.66,11,4.24
353,Sheri Boyd,17,2,8,Associate,2024-01-09,139817.13,5,4.72
354,Jeff Graham,9,2,7,Associate,2024-01-27,177331.6,13,1.99
355,Stephen Fletcher,10,5,12,Lead Engineer,2024-11-25,111173.69,18,1.99
356,Matthew Caldwell,13,3,5,Specialist,2021-03-27,125946.76,10,4.86
357,Rebecca Krueger,7,1,2,Associate,2019-09-09,155542.2,18,2.98
358,Courtney Rhodes,14,4,7,Executive Assistant,2023-04-23,86047.47,14,2.23
359,Heather Wood,8,10,1,Associate,2021-11-10,111406.91,21,3.51
360,Mr. Richard Raymond,12,10,11,Lead Engineer,2019-09-27,69088.66,22,1.86
361,Joseph Ross,14,5,12,Lead Engineer,2018-04-07,171851.1,19,1.15
362,Vanessa Cook,7,8,1,Senior Analyst,2024-07-12,45619.89,1,1.33
363,Lindsay Mendoza,2,7,2,Manager,2025-10-20,68822.19,20,2.33
364,Matthew Romero,4,7,10,Executive Assistant,2024-12-20,106959.03,24,1.39
365,Susan Contreras,17,7,5,Director,2024-10-24,62954.67,18,1.31
366,Samantha Cohen,5,3,12,Senior Analyst,2018-07-02,173724.03,3,2.47
367,Tamara Kane,13,9,8,Associate,2023-08-02,62058.23,5,3.17
368,Shannon Marshall,5,9,4,Executive Assistant,2019-04-19,59079.57,17,2.06
369,Robert Morton,11,7,10,Executive Assistant,2020-04-14,174663.86,10,1.57
370,Diane Santiago,12,9,3,Senior Analyst,2024-01-02,134822.87,10,3.43
371,Dr. Megan Dickson,3,1,11,Executive Assistant,2020-04-27,153539.73,15,1.33
372,Justin Rodriguez,6,2,8,Lead Engineer,2023-03-23,61001.97,17,3.6
373,Ana Johnson,12,3,1,Lead Engineer,2018-02-12,148462.92,10,1.3
374,Karen Meyers,18,2,9,Associate,2021-06-28,106459.58,14,1.57
375,Matthew Simmons,17,1,4,Associate,2023-06-29,175049.19,2,2.64
376,Terri Gilbert,6,6,8,Associate,2024-07-22,179761.54,7,4.88
377,Cheryl Jones,11,9,9,Executive Assistant,2023-03-05,121638.91,13,3.64
378,Adam Allen,5,2,10,Manager,2023-12-25,164627.67,3,1.5
379,Johnny Pierce,6,8,5,Director,2025-07-08,171093.33,20,3.46
380,Lindsay James,8,8,7,Lead Engineer,2021-08-22,45434.19,23,1.71
381,Louis Garrison,19,4,12,Executive Assistant,2022-06-15,151150.66,5,3.16
382,Bryan Williams,17,10,10,Manager,2021-06-15,162078.51,11,2.96
383,Melissa Hurst,9,5,4,Manager,2024-07-17,83511.57,3,2.44
384,Shane Romero,13,1,9,Director,2024-10-04,68840.9,16,2.48
385,Aaron Martinez,1,5,5,Executive Assistant,2025-11-17,150004.79,21,1.16
386,Adrian Smith,9,6,3,Executive Assistant,2021-11-09,177131.54,5,2.83
387,David Schmidt,17,5,9,Manager,2023-01-21,121463.5,17,3.98
388,Karen Osborne,12,5,6,Senior Analyst,2021-09-22,140008.11,24,3.76
389,John Hardy,19,8,3,Executive Assistant,2020-03-15,121050.25,16,2.77
390,Jasmin Pierce,19,10,6,Executive Assistant,2019-11-21,83947.84,2,1.57
391,Bradley Pierce,19,5,10,Associate,2021-01-28,93130.19,25,1.65
392,Matthew Jones DVM,6,6,6,Manager,2024-02-18,133207.14,15,2.36
393,Heather Gutierrez,5,5,12,Senior Analyst,2021-03-09,84833.03,24,3.5
394,Darren Gamble,19,5,12,Senior Analyst,2019-10-30,148269.68,21,3.41
395,Brenda Ward,14,3,6,Director,2018-01-28,158262.29,16,5.0
396,Dustin Robles,8,6,3,Associate,2020-09-01,162399.1,7,3.62
397,Mark Mckinney,3,6,10,Executive Assistant,2019-04-24,120106.37,13,2.5
398,Joseph Gonzales Jr.,15,5,7,Specialist,2019-11-17,54063.08,25,4.75
399,Claudia Ramirez,13,4,11,Director,2022-01-04,156523.65,8,1.53
400,Carmen Brooks,17,9,12,Director,2020-12-02,65808.0,17,2.22
401,Bradley Brown,1,3,4,Associate,2023-12-18,62217.32,10,4.34
402,Randy Little,5,3,12,Specialist,2021-07-28,149035.4,4,4.68
403,Robert Mata,15,3,5,Executive Assistant,2025-07-26,83862.3,3,4.62
404,Brandon Adkins,16,3,11,Senior Analyst,2025-06-28,161903.86,6,3.91
405,Jerome Robinson,19,4,11,Manager,2021-10-22,87018.73,11,3.38
406,Jennifer Patrick,18,2,9,Manager,2020-02-22,94653.76,25,3.97
407,Patricia Trevino,19,8,11,Specialist,2025-09-28,57847.81,9,2.55
408,Jerry Walton MD,3,9,6,Director,2021-01-11,174376.74,10,3.09
409,Darrell Williams,15,3,4,Specialist,2025-09-17,120446.23,15,3.53
410,Kathryn Newman,20,5,3,Executive Assistant,2018-05-03,170674.59,1,1.36
411,Ashley Nolan,8,2,6,Specialist,2022-07-25,122749.87,4,3.83
412,Kimberly Lopez,2,1,7,Associate,2018-08-30,74763.61,18,1.36
413,Marie Stephens,15,6,3,Specialist,2024-10-01,178082.87,16,2.91
414,Erin Martin,17,10,12,Associate,2023-02-23,92833.52,1,1.24
415,Billy Sanders,10,8,2,Director,2019-10-27,149246.52,15,4.8
416,Jacob Sanders,1,4,5,Executive Assistant,2021-09-22,53676.98,5,3.87
417,Jamie Smith,15,10,10,Lead Engineer,2024-02-15,138297.07,7,3.69
418,Jennifer Anderson,12,7,2,Specialist,2018-12-13,98729.17,16,2.32
419,Nathan Cabrera,12,10,12,Associate,2023-12-10,124144.43,18,1.81
420,Andrew Salazar,19,1,10,Executive Assistant,2022-06-22,58024.75,8,1.93
421,Wesley Phillips,18,8,6,Senior Analyst,2022-11-01,89566.11,1,1.66
422,Natalie White,14,8,9,Senior Analyst,2024-09-03,83031.26,9,1.76
423,Daniel Garcia,15,1,11,Director,2022-07-08,104266.84,16,4.69
424,Melanie Vaughn,14,10,6,Executive Assistant,2023-07-25,103334.63,21,3.2
425,Thomas Mitchell,14,1,2,Director,2024-04-10,107275.34,11,1.01
426,Melissa Adams,16,8,5,Senior Analyst,2018-03-05,162389.91,11,4.58
427,Matthew Pacheco,14,8,4,Executive Assistant,2019-05-23,128624.08,12,1.6
428,Cynthia Rogers,14,1,9,Senior Analyst,2022-03-14,72566.15,23,1.2
429,Krista Lee,10,7,12,Senior Analyst,2020-01-10,126548.65,13,2.05
430,Theodore Kelley,13,2,5,Senior Analyst,2018-06-27,159441.25,5,1.47
431,Andre Carey,9,7,7,Associate,2024-06-03,151528.38,18,4.87
432,Walter Morris,18,3,12,Senior Analyst,2021-04-12,143496.35,25,1.7
433,Dakota Gonzales,3,6,11,Lead Engineer,2018-06-29,106391.43,19,2.62
434,Erica Cruz,10,10,11,Associate,2021-03-18,62069.61,5,2.37
435,Tanner Jennings,4,8,11,Manager,2018-07-17,173914.91,25,4.84
436,Brian Jones,10,1,9,Associate,2018-07-14,71868.4,5,1.98
437,Kimberly Newman,16,6,3,Executive Assistant,2023-03-28,160569.06,21,3.81
438,Lisa Sparks,8,2,10,Associate,2020-08-05,179021.39,7,4.73
439,Dr. Kristina Mcdonald DDS,4,10,11,Senior Analyst,2022-07-03,149549.76,23,1.15
440,Leah Dudley,18,5,3,Lead Engineer,2025-04-16,102998.52,17,1.3
441,Christian Huber,15,2,11,Specialist,2019-04-06,109726.92,20,3.16
442,Carolyn Hunt,12,4,1,Associate,2018-07-09,169632.62,8,4.7
443,Marcus Medina,1,5,2,Executive Assistant,2023-05-18,59415.48,21,2.31
444,Kevin Mcdaniel,20,6,9,Manager,2020-04-17,98901.47,5,2.66
445,Matthew Jackson,9,10,8,Director,2021-12-11,51653.29,22,4.3
446,Darren Lowe,10,2,12,Executive Assistant,2023-09-19,95853.67,23,2.81
447,Harry Ochoa,2,2,8,Executive Assistant,2023-11-03,47912.32,25,4.13
448,Samuel Smith,2,2,12,Director,2023-01-05,62103.45,3,1.16
449,Judy Moore,6,9,6,Director,2019-04-28,72778.85,15,1.4
450,Patricia Rosario,9,7,9,Senior Analyst,2023-05-06,153302.07,17,4.54
451,James Howe,4,10,11,Associate,2023-11-14,55439.96,14,3.8
452,Kevin Barton,13,8,8,Executive Assistant,2024-05-31,177028.88,6,1.17
453,Christina Carter,19,4,9,Manager,2019-04-21,62842.19,16,2.55
454,Joseph Curtis,11,7,2,Manager,2023-12-01,162259.37,16,4.33
455,Jonathon Long,12,5,7,Senior Analyst,2022-11-26,153324.17,9,2.19
456,Erin Walls,7,9,5,Director,2025-08-03,165805.54,1,1.28
457,Mary Stewart,11,5,9,Specialist,2024-03-06,48016.86,21,3.13
458,Lindsay Hernandez,18,2,6,Associate,2024-05-23,105537.3,2,4.94
459,Eduardo Cox,7,4,5,Senior Analyst,2021-06-10,116106.08,10,2.73
460,Natalie Escobar,18,7,5,Executive Assistant,2021-10-05,141623.89,20,2.03
461,Richard Jones,11,3,3,Executive Assistant,2024-03-27,159295.8,22,1.59
462,Misty Guerra,13,3,9,Specialist,2024-04-10,179066.47,23,1.55
463,Ruth Stevens,6,7,8,Associate,2019-03-10,72760.84,25,2.24
464,Garrett Smith,20,1,12,Specialist,2023-12-07,179658.64,13,1.13
465,Karen Stanley,8,8,5,Senior Analyst,2023-02-27,177920.51,18,2.77
466,Brandon Gillespie,3,2,9,Specialist,2022-08-23,123229.55,15,1.43
467,Jacqueline Quinn,1,8,2,Specialist,2023-01-28,103794.76,22,1.38
468,Nancy Parker,9,1,9,Associate,2018-01-05,166872.04,8,2.56
469,Vickie Morgan,11,6,1,Director,2025-05-15,140946.49,24,1.64
470,Sarah Harrison,17,2,9,Director,2023-05-04,166921.34,3,2.83
471,Leslie Obrien,4,3,8,Associate,2022-07-10,76128.03,25,4.23
472,Matthew Walker,17,2,1,Lead Engineer,2021-03-01,51495.81,10,1.25
473,Crystal Hawkins,2,10,8,Senior Analyst,2023-08-01,58142.87,3,4.18
474,Alexander Carr,9,9,9,Associate,2025-11-14,146359.5,9,2.55
475,Helen Cantu,19,1,2,Senior Analyst,2019-07-24,53286.6,20,1.75
476,Melissa Adkins,11,4,5,Manager,2019-06-19,68253.87,22,3.85
477,Suzanne Ramirez,9,2,2,Senior Analyst,2025-06-04,154065.89,21,4.85
478,William Wallace,17,5,3,Lead Engineer,2019-09-09,141831.17,22,4.62
479,Michelle Caldwell,9,3,1,Executive Assistant,2024-04-16,45416.77,12,1.5
480,Amanda Bright,13,10,3,Manager,2023-11-17,178600.03,19,4.89
481,Monica Villarreal,5,8,6,Senior Analyst,2018-04-06,80031.33,4,1.84
482,Lindsay Edwards,10,1,5,Specialist,2022-07-13,152682.57,9,3.95
483,Brittany Taylor,12,1,11,Senior Analyst,2020-05-08,94995.34,24,2.87
484,Phillip Wilson,16,7,12,Lead Engineer,2021-04-07,48454.47,9,2.51
485,Tammy Sanders,3,5,5,Associate,2025-06-19,95634.34,19,2.64
486,Jennifer Chapman,3,6,12,Lead Engineer,2022-12-22,122429.86,3,2.15
487,Kevin Porter,1,5,10,Executive Assistant,2019-01-02,144976.73,18,2.59
488,Tina Reynolds DVM,15,10,6,Manager,2019-09-24,53198.0,6,2.42
489,Mary Gibson,12,3,6,Senior Analyst,2018-01-08,53768.01,3,3.17
490,Paul Smith,3,10,10,Lead Engineer,2019-11-06,98213.71,7,1.67
491,Duane Kerr,18,9,12,Executive Assistant,2018-02-02,157021.61,3,1.7
492,Ryan Lopez,4,7,10,Lead Engineer,2025-04-29,157999.94,2,2.23
493,Douglas Kelly,10,6,10,Lead Engineer,2021-05-25,67860.83,1,3.09
494,Theresa Garcia,4,9,5,Director,2022-05-07,138531.43,15,3.88
495,Mr. Mario Schwartz,10,10,9,Executive Assistant,2021-12-29,159549.82,20,3.13
496,Christopher Conner,4,1,8,Director,2019-11-07,164595.62,14,4.37
497,Nancy Russo,17,10,7,Specialist,2022-12-18,52780.0,13,3.94
498,Victor Barnes,14,7,11,Senior Analyst,2021-11-07,164613.68,2,2.58
499,Dawn Byrd,11,10,6,Executive Assistant,2024-09-09,99313.39,25,4.72
500,Kelly Washington,13,6,11,Senior Analyst,2024-07-01,109881.36,11,1.9
501,Sarah Burns PhD,7,7,4,Associate,2019-04-27,93860.5,20,4.96
502,Ann Campbell,18,1,7,Lead Engineer,2022-02-21,97606.6,23,3.66
503,Brian Contreras,19,7,11,Specialist,2021-07-05,72026.44,23,1.36
504,Audrey Daniels,1,1,2,Director,2023-06-18,54296.05,11,1.04
505,Vanessa Thompson,13,1,8,Senior Analyst,2019-03-21,112775.45,16,2.33
506,Jennifer Taylor,16,6,5,Lead Engineer,2019-11-23,119413.19,22,3.54
507,Jennifer Haynes,1,5,5,Senior Analyst,2022-03-29,125236.97,10,4.0
508,Adam Shaffer,3,6,2,Lead Engineer,2020-03-01,144828.19,5,2.32
509,Scott Bryant,13,3,2,Specialist,2018-04-25,51559.56,20,1.98
510,Carrie Murphy,10,3,12,Director,2023-04-14,136826.2,16,4.0
511,Alexis Williams,9,3,9,Specialist,2019-03-26,68346.87,13,3.89
512,Misty Odonnell,3,4,2,Lead Engineer,2024-02-28,106276.91,11,1.14
513,Jason Walter,19,1,9,Lead Engineer,2025-08-02,155348.88,1,3.53
514,Kimberly Short,2,1,6,Manager,2021-09-18,51549.77,6,3.78
515,Ashley Lopez,20,5,4,Senior Analyst,2022-07-27,57044.32,6,1.74
516,Erica Watts,11,6,8,Manager,2018-07-28,168288.97,13,4.35
517,Jasmine Conner,2,10,12,Associate,2019-09-03,160544.54,1,3.48
518,Thomas Adams,10,9,10,Associate,2021-03-29,86954.68,20,1.69
519,Charles Mcneil,13,5,5,Lead Engineer,2019-04-03,114784.45,8,3.23
520,Benjamin Rogers,8,1,4,Senior Analyst,2024-05-15,97765.65,21,3.85
521,Rachel Gutierrez,20,3,6,Manager,2020-04-28,172301.92,4,2.94
522,Monica Wilcox,13,5,11,Senior Analyst,2018-12-12,174533.46,4,4.06
523,Jamie Sanford,5,10,5,Specialist,2018-07-11,68841.5,17,3.65
524,Thomas Price,10,4,1,Executive Assistant,2018-12-18,176763.69,18,1.89
525,Kimberly Tanner,8,10,3,Associate,2018-12-09,97374.89,10,3.28
526,Jacqueline Parker,8,10,10,Senior Analyst,2019-08-28,86977.85,6,4.25
527,Scott Farmer,18,9,8,Lead Engineer,2022-12-07,137286.04,22,1.07
528,Mandy Parker,9,1,8,Senior Analyst,2023-03-31,120496.87,15,4.06
529,Taylor Hill,1,10,12,Executive Assistant,2019-07-11,104460.5,3,1.96
530,Robert Herring,4,8,5,Director,2025-01-29,138838.88,3,2.23
531,Kyle Mata,13,10,10,Director,2019-03-06,49629.37,16,1.3
532,Margaret Castillo,10,7,2,Director,2022-09-18,150046.98,5,4.31
533,Allison George,13,10,9,Director,2019-06-09,123576.39,13,2.65
534,Michelle Cox,9,10,2,Executive Assistant,2024-04-29,158751.11,6,2.53
535,Louis Richardson,2,5,5,Senior Analyst,2023-10-17,176512.76,21,2.38
536,Carla Sloan,19,5,5,Director,2018-11-30,47199.74,5,3.06
537,Kelly Gates,15,6,11,Specialist,2020-06-17,162966.19,2,1.4
538,Katie Green,10,8,7,Senior Analyst,2021-06-08,129897.85,8,3.14
539,Valerie Black,19,4,8,Specialist,2023-07-02,96937.22,1,4.28
540,Casey Cruz,10,9,1,Executive Assistant,2022-04-25,56672.72,17,2.42
541,Cynthia Moreno,20,5,5,Specialist,2018-03-24,176457.34,20,3.61
542,Gregory Vasquez,12,10,7,Senior Analyst,2024-06-04,66261.26,11,2.16
543,Thomas Ramirez,14,8,9,Senior Analyst,2019-11-20,156818.34,21,4.61
544,Heather Holloway,15,4,11,Executive Assistant,2025-10-21,159827.56,6,2.77
545,Dana Johnson,10,4,4,Associate,2020-08-14,110414.26,23,1.57
546,Gary Collier,12,7,11,Manager,2023-08-25,147895.03,24,1.98
547,Russell Flynn,1,3,1,Specialist,2023-08-06,46794.25,13,3.1
548,Mia Clayton,5,9,6,Senior Analyst,2019-09-04,81490.66,4,2.8
549,Robin Davidson,10,5,5,Specialist,2021-11-25,55293.11,6,3.74
550,Charlotte Fisher,17,6,1,Associate,2024-09-22,151736.14,14,3.89
551,Dan Love,17,9,1,Associate,2023-03-10,107962.23,15,3.55
552,Anna Wright,13,2,6,Director,2023-10-16,171457.35,23,3.56
553,Aaron Potter,9,5,3,Lead Engineer,2023-12-11,88047.61,9,1.1
554,Stephanie Johnson,14,1,5,Senior Analyst,2021-12-01,143278.87,16,3.14
555,Lisa Chavez,6,2,8,Executive Assistant,2019-02-21,129619.1,16,3.96
556,Laura Garcia,4,10,4,Manager,2024-07-06,171932.73,19,4.56
557,Angela Riddle,13,8,6,Specialist,2023-01-02,135459.76,23,1.56
558,Matthew Cooper,13,7,8,Senior Analyst,2019-02-28,83930.51,19,3.78
559,Janet Rodriguez,20,1,1,Associate,2021-10-30,147241.96,16,3.36
560,Karina Stone,3,7,11,Specialist,2023-08-21,139314.95,16,2.65
561,Ruth Harrell,18,2,8,Director,2021-08-20,106611.26,20,3.8
562,Wendy Phillips,20,8,7,Executive Assistant,2018-09-28,156848.21,15,3.7
563,David Smith,16,7,9,Manager,2019-12-23,129808.57,23,1.76
564,Michael Cook,15,4,7,Senior Analyst,2023-04-08,71179.33,8,4.71
565,Nathan Dunlap,3,9,10,Senior Analyst,2019-11-24,48217.3,3,2.18
566,Amanda White,10,9,11,Specialist,2023-07-25,97177.32,19,3.1
567,Anna Guerrero,16,2,2,Specialist,2023-01-31,147911.9,2,1.0
568,Andrew Huff,5,8,6,Associate,2023-08-25,58380.6,25,3.65
569,Kristine Henry,18,8,4,Manager,2024-08-28,117155.71,12,3.54
570,Gabrielle Fitzgerald,18,5,11,Director,2019-06-09,177599.71,12,4.95
571,Michael Campos DVM,17,7,6,Manager,2021-03-04,89349.45,10,4.45
572,Susan Young,19,6,6,Manager,2022-06-27,173894.37,25,3.6
573,Jennifer Boone,4,8,3,Manager,2024-05-30,55845.46,7,2.3
574,Alejandra Lester,8,1,9,Manager,2018-08-06,141840.89,4,1.99
575,Randy Simpson,8,1,10,Associate,2023-08-30,102554.11,6,2.62
576,Denise Ward,20,7,3,Manager,2024-08-06,60864.2,5,1.04
577,William Lopez,18,3,6,Manager,2023-05-12,60334.24,22,3.54
578,Sherry Hall,11,6,10,Specialist,2021-07-01,177581.19,13,3.33
579,Dr. Amanda Jacobs MD,7,8,5,Executive Assistant,2025-07-26,64232.23,13,2.82
580,Jay Thomas,8,6,2,Senior Analyst,2018-10-17,136129.82,15,2.66
581,Adrienne Cannon,3,3,9,Director,2023-05-22,76355.83,3,2.66
582,Jennifer Fisher,4,5,12,Manager,2019-05-21,93039.62,14,3.06
583,Jeffrey Ferguson,6,10,7,Senior Analyst,2021-02-28,114923.72,8,4.54
584,Rhonda Mathis,12,6,6,Associate,2019-06-23,78506.8,12,2.41
585,Amanda Castro,19,7,10,Lead Engineer,2022-08-07,106268.87,6,4.33
586,Patrick Cummings,6,7,5,Manager,2021-05-07,117508.17,3,3.05
587,Kimberly Watson,7,5,11,Director,2022-06-25,153276.53,2,4.79
588,Paul Mccann MD,1,3,6,Senior Analyst,2018-02-20,124236.01,21,2.72
589,Troy Stephenson,20,6,11,Specialist,2019-11-28,150208.83,25,1.2
590,Beth Glenn,18,10,6,Senior Analyst,2020-12-31,116838.57,15,1.68
591,Morgan Johnson,10,3,9,Specialist,2024-06-05,167847.46,21,3.78
592,Michael Lloyd,1,8,1,Specialist,2022-05-20,175565.15,4,2.51
593,Karen Silva,17,8,11,Director,2020-07-11,58174.81,25,1.18
594,Patricia Meadows,5,6,9,Executive Assistant,2024-09-19,127624.71,16,2.92
595,Scott Quinn,1,5,12,Senior Analyst,2018-04-07,124543.97,14,4.07
596,Carrie Cruz,9,8,1,Senior Analyst,2025-07-05,57289.32,17,1.41
597,Margaret Johnson,1,10,11,Manager,2024-08-15,119320.72,24,3.96
598,Susan Hale,3,5,11,Executive Assistant,2019-04-04,73797.25,22,4.57
599,Cody Collins,3,3,11,Executive Assistant,2018-11-17,116521.19,13,3.44
600,Matthew Hughes,17,8,7,Executive Assistant,2018-01-25,171837.83,25,4.79
601,Kelly Carson,9,6,4,Associate,2022-05-18,126175.37,12,4.44
602,Michelle Garcia,11,1,5,Senior Analyst,2022-10-02,82678.6,23,4.37
603,Peter Mosley,3,8,9,Lead Engineer,2022-09-15,114829.53,13,3.64
604,Lisa Montgomery,20,7,1,Senior Analyst,2018-05-22,97492.92,15,2.58
605,Sergio Schneider,14,7,8,Senior Analyst,2018-02-24,159104.39,7,2.91
606,Brent Wood,15,9,5,Lead Engineer,2022-07-05,163772.19,5,2.88
607,Justin Shannon,13,8,1,Executive Assistant,2022-12-24,60286.32,12,3.49
608,Tina Patterson,17,10,1,Senior Analyst,2022-11-22,45794.9,4,1.78
609,Michelle Franklin,14,6,5,Executive Assistant,2021-11-03,117960.97,7,3.59
610,Raymond Diaz,12,10,2,Lead Engineer,2023-10-02,91141.91,21,3.58
611,Angela Ferguson,8,1,9,Specialist,2018-02-04,89233.63,23,3.21
612,Robert Hall,3,4,12,Associate,2024-01-23,134786.08,2,2.32
613,Michael Cole,6,1,8,Manager,2025-03-06,72340.17,1,1.09
614,Joseph Joseph,12,5,9,Executive Assistant,2021-07-05,73631.43,2,3.89
615,Vanessa Watkins,2,6,3,Lead Engineer,2019-04-06,70369.14,13,1.8
616,Misty Gilmore,13,5,5,Senior Analyst,2018-05-22,70919.02,13,2.96
617,Sean Brown,2,2,10,Executive Assistant,2018-04-30,169456.95,22,1.31
618,Alyssa Levine,3,9,5,Specialist,2021-07-08,176442.57,5,2.09
619,Caitlin Sanchez,3,3,8,Associate,2018-10-18,142631.7,21,2.82
620,Rachel Pruitt,13,8,12,Lead Engineer,2024-08-22,154589.16,8,4.37
621,Mark Myers,16,1,7,Lead Engineer,2024-08-11,98387.36,4,1.69
622,Mariah Young,18,8,10,Lead Engineer,2025-02-16,120097.5,24,3.89
623,Kelly Horn MD,20,5,4,Senior Analyst,2025-10-24,117644.71,9,4.83
624,Becky Garner,19,10,10,Specialist,2020-08-24,88930.38,23,2.86
625,William Macias,14,6,11,Executive Assistant,2020-10-18,147061.65,10,3.26
626,Phillip Harris,14,9,1,Executive Assistant,2025-04-20,57031.94,9,2.72
627,Jessica Martin,15,5,6,Director,2023-09-04,112132.35,20,4.13
628,Jennifer Webster,19,4,4,Specialist,2022-12-19,72354.7,3,3.66
629,Elizabeth Weiss,8,5,9,Specialist,2023-06-16,84290.27,18,4.92
630,Michael Wells,13,4,11,Executive Assistant,2021-09-22,138763.63,25,4.19
631,Tiffany Buchanan,18,9,2,Associate,2021-05-08,45611.6,15,4.05
632,Kenneth Tran,11,9,6,Director,2021-08-15,76595.88,17,4.64
633,Shaun Harvey,9,6,5,Senior Analyst,2019-08-27,58622.95,12,4.38
634,Erin Bennett,14,7,3,Associate,2019-01-22,176637.47,5,1.56
635,Stacey Bray,15,5,2,Executive Assistant,2022-12-27,130202.38,13,3.76
636,Nicholas Waller,1,9,2,Specialist,2021-10-23,179942.54,6,5.0
637,Mrs. Julie Harvey,11,8,9,Executive Assistant,2024-12-30,93925.52,5,1.68
638,Anna Gonzales,5,5,3,Associate,2023-03-08,47949.34,21,4.97
639,Sergio Burns,10,10,9,Director,2018-03-21,99931.88,23,3.8
640,Noah Murillo,6,3,9,Director,2023-01-14,150412.07,5,1.16
641,Robert Riddle,10,2,4,Executive Assistant,2023-02-11,147589.23,21,4.55
642,Charles Gibbs,16,8,10,Executive Assistant,2024-07-29,89915.15,8,3.59
643,Tamara Boone,11,2,1,Associate,2025-12-30,50135.96,10,4.17
644,Jessica Hughes,19,8,8,Senior Analyst,2019-10-25,160542.35,10,3.86
645,Mark West,5,10,10,Specialist,2021-01-14,175423.6,20,1.96
646,Patrick Martinez,6,4,3,Manager,2019-02-25,83565.34,4,4.84
647,Michael Miller,11,10,2,Manager,2025-10-27,63587.35,15,4.97
648,Alfred Erickson,18,10,8,Associate,2023-10-02,62092.17,10,4.59
649,James Houston DVM,14,2,7,Specialist,2025-09-12,96635.5,5,3.13
650,Audrey Hines,1,7,10,Director,2021-08-31,112856.71,8,1.34
651,Jennifer Simon,1,10,10,Specialist,2024-01-09,173746.77,18,4.84
652,Michael Parker,14,3,12,Director,2019-02-26,158280.87,20,1.52
653,Jamie Stein,6,2,4,Manager,2023-02-12,164934.32,16,1.71
654,Emily Soto,16,4,10,Associate,2025-07-20,75816.03,10,3.52
655,Sherry Lyons,4,3,1,Director,2019-07-10,166191.24,6,4.56
656,Mary King,11,6,3,Specialist,2025-09-10,146335.93,4,4.12
657,Bryan Richards,18,3,3,Director,2024-04-14,55977.62,2,3.34
658,Edward Gonzales,1,6,12,Associate,2024-09-15,139814.23,10,3.67
659,Mary Todd,19,2,5,Manager,2018-01-29,70337.56,16,3.25
660,Diane Cardenas,8,8,5,Senior Analyst,2019-03-23,106574.87,4,2.32
661,Nicholas Castro,8,6,4,Manager,2023-07-09,74022.34,9,3.44
662,Thomas Reid,14,7,1,Lead Engineer,2018-02-25,179424.84,16,2.48
663,Lisa Sampson,13,3,6,Associate,2018-05-24,103322.51,3,3.06
664,Edward Hodges,5,2,6,Specialist,2021-06-25,152498.83,8,4.84
665,Jeremy Smith,2,5,6,Executive Assistant,2018-01-15,125399.28,20,1.62
666,Steven Wade,16,9,10,Senior Analyst,2023-03-30,172163.54,22,4.49
667,Peggy Waters,18,4,2,Executive Assistant,2018-07-05,99246.03,1,1.68
668,Ashley White,10,5,9,Director,2021-11-12,82078.59,3,1.26
669,Robert Chavez,16,10,12,Executive Assistant,2025-01-29,98298.74,6,3.98
670,Brandon Love,7,3,7,Associate,2025-03-11,159380.4,23,3.95
671,Brendan Davila,7,5,7,Director,2021-06-25,86413.34,3,1.85
672,Alan Mckinney,6,9,8,Executive Assistant,2024-02-23,68302.5,24,1.71
673,Eric Clark,6,3,7,Manager,2024-04-29,58320.75,8,3.02
674,Donald Dodson,15,7,10,Specialist,2021-10-30,137764.29,1,1.32
675,Sarah Carey,16,5,8,Specialist,2022-12-29,78293.61,9,1.83
676,Terri Peterson,11,3,12,Lead Engineer,2023-12-15,140975.59,22,2.1
677,Megan Chavez,18,7,3,Lead Engineer,2024-11-20,128069.04,24,2.87
678,Luis Thomas,7,5,8,Executive Assistant,2023-03-29,84382.73,25,1.66
679,Zachary Hodges MD,12,1,7,Senior Analyst,2020-02-22,102878.07,13,4.23
680,Amanda Fleming,8,9,3,Executive Assistant,2021-10-20,52182.67,7,1.73
681,Diane Rocha,14,6,11,Director,2023-12-03,110691.81,13,4.84
682,Jonathan Burton,1,8,10,Lead Engineer,2022-07-20,171172.19,9,4.1
683,Stacey Jackson,15,4,4,Associate,2023-06-28,126206.46,20,1.38
684,Elizabeth Mccarty,8,9,10,Executive Assistant,2025-10-15,85117.56,19,3.32
685,Devin Daniels,5,9,9,Director,2024-03-22,48999.65,23,2.7
686,Emily Cook,13,6,6,Director,2021-02-09,50376.76,4,2.93
687,Amber Miller,3,10,7,Manager,2025-08-30,84092.48,2,4.93
688,Steven Rogers,12,1,4,Specialist,2025-01-30,106275.33,10,2.82
689,Ashley Ewing,10,9,9,Specialist,2024-01-19,151546.42,23,1.11
690,Anthony Riley,4,3,12,Associate,2020-11-03,151152.62,5,2.18
691,Amy Owens,15,5,4,Director,2023-04-12,56401.89,11,4.73
692,Donna Morales,10,6,7,Associate,2023-06-03,102349.86,16,4.39
693,Andrew Schneider,3,8,3,Director,2021-02-19,141795.66,15,4.06
694,Laura Benson,17,8,1,Director,2019-10-09,148799.38,25,2.82
695,Tara Jimenez,2,8,1,Senior Analyst,2025-07-02,151015.25,20,1.93
696,Amanda Baldwin,14,7,3,Lead Engineer,2020-09-15,140139.65,9,4.57
697,Mary Rasmussen,16,7,9,Associate,2022-06-12,151907.42,10,4.17
698,Aaron Dennis,3,2,12,Manager,2022-07-07,173918.21,25,4.38
699,Warren Mckenzie,1,9,7,Manager,2024-04-14,72499.27,17,1.95
700,Kimberly Contreras,8,10,6,Director,2023-07-17,134508.93,6,2.5
701,Edgar Duncan,7,1,4,Lead Engineer,2019-06-06,143776.15,15,4.41
702,Donna Nelson,12,8,9,Lead Engineer,2022-08-11,162134.02,10,1.12
703,Michelle Romero,1,3,7,Senior Analyst,2020-11-22,118893.22,1,1.03
704,Shannon Allen,3,4,8,Manager,2024-03-06,120606.1,16,4.62
705,Sergio Morales,19,9,2,Specialist,2021-01-08,132444.12,1,4.02
706,Michael Johnson,2,2,5,Senior Analyst,2022-04-11,82104.19,8,1.37
707,Katie Wise,8,5,1,Specialist,2023-02-07,121593.25,24,1.47
708,Veronica Martinez,16,5,6,Specialist,2018-12-03,162410.19,4,3.02
709,William Flores,15,5,11,Associate,2023-07-31,160762.74,5,4.64
710,Nicole Allen,3,5,8,Associate,2021-02-05,142424.9,24,3.01
711,Henry Montgomery,3,3,4,Specialist,2018-11-08,47289.64,6,3.94
712,Gabriel Molina,6,1,6,Manager,2018-08-17,135899.68,20,4.23
713,Krista Brady,9,3,3,Senior Analyst,2024-08-25,102227.7,4,2.51
714,Alice Collins,7,7,5,Executive Assistant,2022-09-02,78229.79,4,2.48
715,Robert Abbott,14,10,3,Senior Analyst,2019-11-19,55150.72,25,2.27
716,Mary Gonzales,6,1,12,Specialist,2025-12-06,131883.65,15,4.75
717,Brittany Ward,17,2,1,Associate,2022-07-30,84784.41,24,3.95
718,Charlene Green,20,5,8,Specialist,2019-07-14,84558.22,12,1.3
719,Angela Stewart,19,9,5,Associate,2023-04-16,63389.12,17,2.08
720,Manuel Hicks,5,8,6,Specialist,2022-07-06,60382.12,9,3.4
721,Stephanie Jones,4,8,12,Manager,2021-07-15,87902.08,21,3.34
722,Elizabeth Meza,17,9,9,Director,2019-04-10,81947.75,14,4.45
723,Daniel Key,8,7,11,Director,2024-09-29,68404.61,7,3.19
724,Terry Ortega,8,5,1,Senior Analyst,2023-07-27,55793.85,16,4.49
725,Chelsea Clark,8,8,7,Senior Analyst,2020-03-13,170643.39,1,3.99
726,Keith Rogers,8,8,2,Director,2024-12-07,150799.73,18,1.66
727,Jacob Thomas,15,5,6,Senior Analyst,2020-02-27,73102.5,4,2.1
728,Glenn Serrano,8,3,12,Executive Assistant,2024-09-01,56962.07,18,1.16
729,Victoria Williams,3,5,9,Executive Assistant,2025-07-30,72995.72,2,1.59
730,Richard Taylor,19,7,10,Director,2018-05-27,112820.62,6,2.65
731,Casey Golden,20,1,7,Senior Analyst,2019-04-24,45573.56,8,1.78
732,Jared Drake,12,8,8,Associate,2025-04-18,53092.36,22,1.37
733,Jennifer Fisher,10,10,4,Executive Assistant,2019-07-13,100528.42,8,3.3
734,Stephen Carlson,6,7,9,Executive Assistant,2022-02-10,89923.1,22,3.61
735,Michael Caldwell,7,5,4,Lead Engineer,2024-03-17,52560.66,18,4.11
736,Lisa Burns,8,2,11,Senior Analyst,2022-03-27,113603.21,15,1.59
737,Nicole Peters,16,2,7,Specialist,2021-01-21,153020.56,8,2.42
738,Wanda Barnes,5,10,10,Director,2020-08-16,53859.77,16,1.35
739,Alexander Bradley,10,5,5,Lead Engineer,2023-03-07,130058.08,21,3.79
740,Jennifer Hooper,12,1,11,Associate,2022-09-16,98996.66,4,4.61
741,Emily Fuentes,1,6,11,Executive Assistant,2020-02-21,157359.47,22,3.92
742,Christopher White,9,1,7,Executive Assistant,2024-11-05,112978.62,6,3.02
743,Michelle Parks,13,8,1,Manager,2024-04-01,157277.69,5,2.68
744,Michael Mullins,7,6,7,Manager,2025-12-08,57964.4,8,1.06
745,Kimberly Johnson,14,5,7,Director,2022-01-09,120742.93,17,2.9
746,Elizabeth Brown,5,3,5,Senior Analyst,2025-01-25,81223.41,6,2.4
747,Veronica Robles,8,5,9,Director,2025-07-07,102027.43,24,3.34
748,Olivia Fox,15,9,2,Manager,2023-10-24,119903.66,12,1.22
749,Steven Garcia,4,7,8,Director,2025-05-31,152725.31,20,3.63
750,Robert Howard,12,2,4,Senior Analyst,2020-11-07,68878.33,11,4.74
751,Kelsey Hale,20,6,4,Executive Assistant,2023-05-04,74252.72,6,1.36
752,Roberto Davis,20,2,11,Specialist,2020-07-30,162359.18,25,3.4
753,Patricia Robinson,3,4,9,Associate,2018-03-21,63327.88,12,1.28
754,Victor Wagner,3,7,11,Lead Engineer,2020-06-05,50530.73,25,3.86
755,Daniel Ellis,9,8,2,Director,2020-03-26,70538.49,5,4.65
756,John Larson,13,9,6,Manager,2025-02-17,142297.04,3,2.65
757,Steven Green,20,3,1,Manager,2020-11-11,51889.4,20,3.71
758,Justin Cunningham,4,3,2,Manager,2020-05-20,81424.8,9,2.99
759,Heidi Kennedy,18,4,9,Associate,2021-06-12,141487.61,2,4.94
760,James Grimes,11,10,1,Specialist,2024-09-02,158413.7,8,1.91
761,David Gallagher,10,3,8,Manager,2021-11-28,47862.54,2,3.36
762,Natalie Thompson,18,10,8,Manager,2018-07-24,106706.14,7,3.64
763,Jeffrey Freeman,14,3,8,Associate,2023-03-21,84937.54,9,3.64
764,Anthony Johnson,3,7,4,Senior Analyst,2023-10-15,89258.3,24,4.19
765,Robert Turner,10,4,11,Executive Assistant,2019-05-20,96892.6,4,1.39
766,Mr. Alexander Deleon,6,4,9,Director,2019-05-05,50017.1,12,3.87
767,Brittany Gonzalez,6,5,4,Associate,2022-03-11,178644.13,14,2.81
768,Victoria Garrett,20,2,9,Executive Assistant,2023-06-08,87567.14,8,3.17
769,Teresa Butler,3,2,11,Associate,2019-12-16,147245.06,16,2.16
770,John Byrd,6,1,12,Specialist,2025-12-20,54596.89,3,3.96
771,Donna Smith,19,7,6,Senior Analyst,2024-10-03,70997.67,14,3.85
772,Kaylee Davis,13,4,1,Lead Engineer,2023-07-11,84736.31,13,1.88
773,Joshua Palmer,8,10,9,Associate,2023-04-27,118719.18,23,2.03
774,Priscilla Li,16,6,7,Executive Assistant,2025-01-30,97228.96,8,4.76
775,Debbie Sullivan,4,4,8,Specialist,2022-02-27,160314.9,8,1.74
776,Daniel Valdez,13,1,1,Senior Analyst,2020-04-11,82591.56,5,3.27
777,Deborah Romero,18,7,2,Associate,2023-11-28,125014.03,19,1.29
778,Danny Garcia,15,6,3,Specialist,2018-06-25,172867.59,19,2.73
779,Christian Gilbert,13,2,12,Lead Engineer,2025-02-13,112672.24,24,4.67
780,Hunter Abbott,2,3,9,Executive Assistant,2019-06-11,118987.31,1,1.78
781,Barbara Weeks,7,8,4,Director,2020-07-31,72340.82,11,1.58
782,Rachel Escobar,12,10,5,Director,2025-12-08,128835.28,14,1.18
783,David Jarvis,7,2,5,Manager,2020-06-24,126396.12,23,4.76
784,David Nichols,9,5,1,Senior Analyst,2020-04-22,96570.35,22,3.06
785,James Kline,4,10,3,Senior Analyst,2020-01-22,84993.41,18,2.4
786,Tammy Pugh,8,10,1,Lead Engineer,2021-10-13,153757.59,15,2.32
787,Joshua Martinez,5,6,1,Lead Engineer,2023-05-07,75246.0,16,2.97
788,Lauren Delacruz,11,9,6,Manager,2024-11-02,133227.69,8,2.5
789,James Wood,13,6,4,Executive Assistant,2024-03-28,116900.02,9,2.1
790,Alyssa Rivera,14,3,11,Manager,2022-05-08,90746.05,9,1.99
791,Kevin Medina,18,6,4,Manager,2023-09-18,86581.84,17,3.71
792,Gina Burton,16,2,2,Executive Assistant,2024-02-02,134387.7,23,1.2
793,James Martinez,7,4,10,Lead Engineer,2019-09-07,68321.09,18,2.39
794,Johnathan Allison,16,1,4,Manager,2020-08-17,110782.53,6,2.86
795,Andrew Contreras,6,3,9,Specialist,2019-01-30,47602.76,21,2.62
796,Martha Weeks,17,1,8,Associate,2019-07-14,122259.97,17,4.23
797,Christopher Lozano,20,3,7,Senior Analyst,2020-05-07,69744.06,11,1.05
798,Jocelyn Ramos,8,9,7,Specialist,2020-04-05,132499.27,15,2.53
799,Melissa Calhoun,20,4,10,Specialist,2018-05-18,164792.31,1,1.9
800,Julie Harvey,19,9,6,Executive Assistant,2020-06-24,62123.67,12,2.85
801,Tina Pope,14,5,8,Director,2019-12-12,153328.14,12,1.11
802,Jason Adams,15,4,3,Executive Assistant,2021-02-27,65417.57,9,1.94
803,Travis Watson,20,5,6,Specialist,2020-02-07,61167.68,25,4.69
804,Michele Simpson,12,9,6,Specialist,2020-03-05,69892.16,11,1.94
805,Steven Hunter,19,5,8,Specialist,2024-09-11,167458.39,4,4.68
806,Timothy Best,9,8,9,Associate,2020-10-04,145492.94,19,1.97
807,Dorothy Whitney,13,9,12,Executive Assistant,2023-07-25,113582.99,15,2.72
808,Alexander Moody,14,6,11,Manager,2022-06-18,148446.02,14,2.05
809,Kristin Frank,7,10,8,Executive Assistant,2024-05-19,138897.6,25,4.28
810,Samuel Turner,19,1,3,Executive Assistant,2019-11-04,165967.24,1,4.99
811,Michelle Mcmillan,19,5,9,Executive Assistant,2018-05-11,141143.67,12,4.33
812,Scott Parker,10,6,12,Associate,2019-02-02,162070.72,9,3.45
813,Christopher Cooper,4,7,9,Specialist,2020-04-08,149122.28,14,4.64
814,Michael Meza,7,1,5,Manager,2023-05-25,80466.49,20,2.41
815,Jill Hughes,12,9,4,Executive Assistant,2023-04-26,60821.29,5,3.28
816,William Cain,15,4,1,Senior Analyst,2023-03-05,125875.73,11,2.97
817,Mr. Adam Jones,10,10,4,Manager,2025-07-21,140320.37,20,2.1
818,Mary Williams,6,2,12,Director,2021-11-22,91959.51,7,1.41
819,Elizabeth Rios DVM,8,10,10,Manager,2023-05-30,49290.17,21,3.67
820,Leslie Hahn,3,2,11,Specialist,2020-06-14,144843.83,15,4.48
821,Jennifer Smith,12,1,8,Manager,2020-09-20,140487.57,23,2.87
822,Sandra Alexander,14,3,10,Associate,2023-05-29,62825.23,19,1.52
823,Robert Case,16,6,10,Manager,2019-05-01,72880.48,20,4.77
824,Brianna Jennings,2,2,4,Specialist,2023-04-27,154177.86,9,4.18
825,Kristin Contreras,3,3,9,Lead Engineer,2021-04-15,154626.24,24,4.66
826,John Simon,11,4,12,Lead Engineer,2023-09-13,107297.21,21,1.54
827,Nancy Ellison,7,8,8,Senior Analyst,2024-09-25,82071.98,2,4.11
828,Jacob Wiley,7,6,5,Associate,2022-03-31,169500.07,9,4.97
829,Aaron Barnett,16,8,6,Lead Engineer,2022-01-02,156588.92,25,2.44
830,Linda Thornton,7,8,1,Director,2022-05-21,122295.66,12,3.54
831,Kevin Garcia,10,6,10,Lead Engineer,2019-07-08,91346.96,14,3.93
832,Sarah Holloway,4,5,5,Specialist,2018-08-02,172093.59,21,3.39
833,Donna Williams,1,1,7,Manager,2019-05-22,52125.59,2,4.56
834,Angela Rios,5,6,9,Associate,2023-03-19,96892.43,14,2.06
835,Nancy Roberts,14,1,4,Senior Analyst,2022-10-11,119163.44,16,1.03
836,Martha Hamilton,14,5,11,Associate,2022-11-16,63651.27,23,2.5
837,Gina Evans,15,9,3,Associate,2020-05-14,129319.59,25,4.77
838,Jordan Douglas,18,5,11,Senior Analyst,2020-09-27,84962.44,18,1.34
839,Emily Sullivan,13,6,3,Executive Assistant,2021-11-04,116599.81,15,2.79
840,Mary Crawford,10,6,12,Manager,2022-03-13,77974.53,5,2.31
841,Shannon Roman,5,7,1,Specialist,2023-01-01,76350.25,12,3.49
842,Calvin Gonzalez,20,10,5,Lead Engineer,2023-02-13,79960.45,20,2.9
843,Alison Ray,16,10,5,Director,2025-09-23,171297.65,18,3.76
844,Edward Aguirre,10,10,6,Senior Analyst,2023-03-23,135520.81,2,4.65
845,Mary Powell,2,6,1,Director,2022-12-05,119220.58,5,2.58
846,Jerome Harris,4,7,4,Associate,2018-08-03,126985.19,5,4.16
847,Michael Murphy,16,8,12,Director,2020-06-17,106932.42,15,2.62
848,Robert Schneider,8,7,11,Manager,2020-05-05,54098.22,16,4.3
849,Patricia Flores,17,2,3,Specialist,2021-12-21,176971.46,14,1.41
850,Angela Garcia,11,8,11,Specialist,2024-10-19,140579.86,13,2.12
851,Sierra Gonzalez,1,7,4,Executive Assistant,2025-07-13,75423.38,12,2.81
852,Karen Johnson,12,1,4,Executive Assistant,2021-06-10,120615.59,10,2.13
853,Johnathan Acevedo DDS,19,10,2,Senior Analyst,2022-02-11,103135.37,3,4.64
854,Scott Allen,2,3,6,Executive Assistant,2018-02-05,81917.57,22,3.1
855,Erika Randall,15,6,3,Executive Assistant,2025-01-10,63855.75,3,3.14
856,Scott Hurst,4,9,7,Lead Engineer,2025-11-18,57974.17,12,4.4
857,Glenn Moore,16,2,12,Associate,2023-01-11,60413.96,10,2.86
858,Jessica Holt,9,6,4,Associate,2023-06-08,75843.82,4,4.91
859,Wendy Morris,7,1,3,Senior Analyst,2019-03-06,59689.3,4,4.53
860,Justin Weaver,12,2,4,Associate,2022-08-24,123663.36,21,4.55
861,Sherri Vaughn,13,9,2,Senior Analyst,2023-11-24,176274.96,19,2.29
862,Lawrence Garcia,5,1,6,Specialist,2022-02-02,137424.7,24,1.36
863,Matthew Kaiser,15,9,5,Senior Analyst,2023-05-29,120135.96,20,4.34
864,Breanna Myers,9,9,8,Specialist,2024-08-08,103280.42,11,4.98
865,Wendy Black,12,9,5,Director,2022-11-02,60826.79,8,2.55
866,Brian Jackson,8,10,11,Executive Assistant,2020-09-26,158018.04,3,1.26
867,Mark Payne,12,6,8,Director,2020-05-10,73992.49,13,2.34
868,Sandra Maldonado,15,1,4,Senior Analyst,2024-01-26,133891.27,14,1.36
869,Thomas Sims,19,9,10,Manager,2018-02-02,98531.15,8,3.02
870,Pam Lawrence,13,7,10,Senior Analyst,2023-01-28,69295.21,20,4.29
871,Sharon Garcia,5,9,1,Director,2021-10-23,177212.26,6,1.57
872,Albert Morales,18,2,3,Lead Engineer,2025-12-07,151946.7,23,4.82
873,Natalie Fernandez,17,10,5,Associate,2025-03-06,50688.0,8,4.59
874,Kelly Moore,8,7,1,Associate,2025-08-22,133340.22,17,4.81
875,Veronica Macias,12,7,8,Senior Analyst,2020-10-27,125869.12,8,3.24
876,Tristan Nelson,9,7,5,Associate,2019-01-13,178991.9,25,1.27
877,Scott Barker,7,10,12,Director,2025-11-18,71607.53,19,1.29
878,Paul Garcia,4,8,11,Associate,2018-06-01,94790.91,22,3.95
879,Martin Barnett,5,2,8,Senior Analyst,2021-03-31,130498.55,25,3.19
880,Tony Robertson,14,9,7,Associate,2024-09-28,49691.27,8,2.3
881,Todd Hogan,7,1,11,Director,2025-09-08,111740.49,7,4.26
882,Linda Rasmussen,5,5,8,Director,2025-07-01,95447.9,23,4.03
883,Tanya Patton,11,4,9,Executive Assistant,2022-12-24,179010.24,24,4.62
884,William Porter,7,1,7,Senior Analyst,2023-10-16,151379.71,12,1.92
885,Brittany Rose,19,3,11,Manager,2022-08-05,48357.44,4,3.45
886,Andrea Hansen,15,4,12,Director,2021-08-22,122992.2,12,3.68
887,Patrick Bullock,10,9,11,Executive Assistant,2022-01-14,115414.91,5,2.29
888,Scott Hamilton,20,4,7,Lead Engineer,2021-06-12,72508.66,18,1.05
889,Nicholas Ramirez,5,6,11,Director,2020-01-30,65073.2,6,1.79
890,Alex Young,11,2,4,Executive Assistant,2023-07-01,64884.78,25,3.43
891,Jennifer Hebert,10,4,4,Director,2023-06-18,121701.51,13,1.51
892,Catherine Johnson,16,8,12,Manager,2023-07-04,67892.09,23,2.92
893,Kelly Orr,16,3,4,Senior Analyst,2021-12-16,147821.35,7,1.7
894,Richard Garcia,13,8,9,Director,2024-05-05,146643.85,25,2.87
895,Lacey Fleming,20,10,11,Executive Assistant,2022-04-29,52116.82,3,3.64
896,Karen Carpenter,16,5,6,Associate,2025-12-29,176633.13,10,1.99
897,Eric Baker,19,6,12,Executive Assistant,2021-10-12,61655.59,15,3.77
898,Jason Butler,10,7,4,Lead Engineer,2019-11-08,109876.81,20,1.1
899,Stephanie Sanchez,19,10,3,Lead Engineer,2022-02-13,141981.87,21,1.33
900,John Williams,12,9,3,Executive Assistant,2018-07-17,96502.19,24,3.96
901,Raymond Torres,1,6,12,Lead Engineer,2021-06-14,169528.45,13,1.61
902,Taylor Cooley,18,4,1,Director,2024-07-20,73937.63,17,4.07
903,Chelsea Graves,15,6,9,Associate,2019-09-27,129821.08,2,2.68
904,Emily Thompson,18,3,6,Senior Analyst,2024-05-27,119630.09,6,3.72
905,Michael Austin,5,6,3,Specialist,2020-03-23,65605.22,21,1.48
906,Alexander Bird MD,4,9,4,Lead Engineer,2021-11-11,58861.23,2,4.98
907,Bryan Fisher,9,5,3,Senior Analyst,2025-04-23,173114.48,18,2.41
908,Ruben Ross,8,2,5,Specialist,2020-07-05,79975.74,16,2.33
909,Mark Brown,20,1,4,Lead Engineer,2019-08-03,160338.18,10,4.12
910,Mrs. Tiffany Williamson,14,8,3,Manager,2018-09-08,135251.97,10,3.14
911,Craig Walker,19,9,8,Specialist,2022-04-01,45161.98,16,4.74
912,Patricia Mccoy,4,5,4,Specialist,2021-03-04,91482.52,16,1.29
913,Devin Brown,17,7,10,Specialist,2024-05-12,86198.07,21,2.16
914,Scott Gordon,18,2,3,Executive Assistant,2019-02-27,47898.78,7,1.35
915,Scott Arias,18,1,10,Specialist,2020-04-09,77766.81,12,4.46
916,Martin Davis,18,9,6,Associate,2025-08-11,63517.58,22,4.08
917,Gerald Dominguez,15,4,7,Executive Assistant,2023-05-24,60625.67,18,1.22
918,Neil Le,9,3,10,Specialist,2019-06-10,154705.91,1,1.86
919,Michael Roberts,6,4,3,Manager,2025-12-13,50760.68,22,4.18
920,Savannah Serrano,4,4,10,Executive Assistant,2025-10-31,124847.17,12,1.56
921,Jamie Cardenas,14,6,3,Associate,2023-10-13,177202.5,2,3.07
922,Tony Cooper,5,8,4,Specialist,2019-09-03,145386.73,10,1.28
923,Kelly Aguirre,17,8,4,Manager,2023-09-28,154328.1,3,1.67
924,Brian Schroeder,5,10,3,Senior Analyst,2020-09-29,140130.19,12,3.95
925,Gary Cobb,12,6,6,Lead Engineer,2025-09-09,65921.75,25,2.48
926,Michael Johnson,19,8,9,Executive Assistant,2023-12-19,77142.77,12,2.26
927,Donna Farley,1,9,7,Senior Analyst,2022-09-15,104178.91,13,2.77
928,Amanda Murray MD,13,10,12,Executive Assistant,2022-10-29,83778.82,3,4.44
929,Juan Harris,20,4,10,Senior Analyst,2025-09-08,114670.52,22,1.82
930,Justin Evans,1,3,3,Manager,2022-03-25,107038.01,23,2.09
931,Raymond Williams,19,4,3,Executive Assistant,2022-09-26,147307.29,1,2.41
932,Cassandra Daniels,11,2,5,Specialist,2018-04-08,118006.53,6,4.62
933,Barbara Williams,18,10,2,Manager,2021-02-09,141278.75,4,1.6
934,Nicholas Butler,5,1,8,Executive Assistant,2021-10-07,122574.79,2,2.88
935,Andrew Johnson,17,4,5,Executive Assistant,2024-11-13,109632.31,14,4.46
936,Sandra Clayton,9,7,3,Associate,2022-04-09,135501.97,16,2.57
937,Justin Vargas,8,3,3,Senior Analyst,2023-05-14,154500.63,1,2.76
938,Nicholas Collins,2,3,11,Senior Analyst,2024-08-07,82512.82,23,4.2
939,Melanie Martin,12,3,7,Specialist,2022-08-19,61050.07,6,2.05
940,Eric Foster,19,8,12,Associate,2023-10-25,118240.87,17,4.22
941,Anthony Smith,9,6,5,Specialist,2019-03-04,113500.84,8,3.19
942,Bailey Green,19,8,1,Manager,2020-02-08,63518.02,19,1.55
943,John Bowman,15,6,12,Director,2023-07-14,76902.63,7,3.59
944,Darrell Pierce,11,5,12,Specialist,2020-02-07,141170.4,15,4.69
945,Michael Bass,12,3,4,Lead Engineer,2021-08-31,177995.37,7,2.69
946,Dawn Bishop,4,10,4,Director,2023-11-10,118317.72,3,2.17
947,Sara Thompson,11,5,11,Specialist,2020-11-27,58796.18,7,2.1
948,Alexander Reed,8,6,11,Director,2025-05-08,171726.14,19,2.6
949,Mark Gaines,6,3,8,Lead Engineer,2020-11-01,179560.57,3,1.9
950,David Alexander,9,6,4,Lead Engineer,2022-01-09,174400.17,21,1.11
951,Joshua Miller,17,3,3,Executive Assistant,2022-07-23,95728.0,23,2.49
952,Joseph Williams,1,10,12,Director,2024-08-20,98446.01,4,4.51
953,Richard Velazquez,18,5,4,Executive Assistant,2020-11-16,110723.83,5,1.44
954,Brenda Rojas,11,8,2,Director,2019-03-24,62648.94,14,3.26
955,Michael Burnett,17,4,4,Executive Assistant,2019-08-23,169363.37,14,4.17
956,Evan Lewis,2,9,5,Lead Engineer,2021-03-28,141954.32,8,1.42
957,Stephanie Green,2,4,5,Director,2019-08-22,96049.65,23,1.54
958,Billy Cruz,1,3,10,Director,2019-07-30,144388.44,16,3.36
959,James Cohen,16,4,8,Manager,2020-01-12,141035.59,5,3.76
960,Patrick Logan,8,10,2,Lead Engineer,2022-12-07,72173.31,10,1.97
961,John Huffman,3,3,3,Lead Engineer,2025-05-30,148440.67,4,4.63
962,Nathan Daniel,17,6,5,Director,2020-09-17,130581.68,8,2.76
963,Willie Mendoza,12,2,6,Lead Engineer,2019-09-09,134022.22,16,2.76
964,Brenda Logan,3,9,4,Lead Engineer,2024-05-25,56035.23,24,2.09
965,Robert Lucas,16,5,5,Lead Engineer,2024-06-07,117336.77,14,3.96
966,Daniel Banks,16,1,2,Lead Engineer,2019-04-29,64409.38,24,4.55
967,Michelle Jenkins,18,1,7,Manager,2022-11-12,77173.68,13,4.41
968,Mr. William Pratt,12,6,1,Director,2024-11-13,92885.86,3,3.64
969,Mark Burke,2,5,4,Director,2024-03-23,64804.42,7,4.18
970,Laura Berger,6,9,4,Senior Analyst,2023-08-01,95189.67,2,1.58
971,Trevor Chavez,14,10,12,Senior Analyst,2022-05-16,71009.49,18,2.29
972,Ryan Robinson,19,2,7,Director,2018-10-04,65313.06,20,4.72
973,Christopher Davis,19,9,6,Executive Assistant,2018-04-13,169009.26,24,2.43
974,Megan Richardson,13,3,10,Senior Analyst,2023-08-16,110087.64,4,1.28
975,William Mcknight,8,2,5,Associate,2024-11-20,159893.04,23,1.18
976,Mia Villarreal,6,7,4,Associate,2020-06-01,153868.32,3,2.21
977,Elizabeth Evans,5,2,2,Executive Assistant,2024-08-09,78692.45,17,1.9
978,Hayden Lopez,20,5,7,Manager,2019-01-18,132584.09,3,4.37
979,Tina Wright,18,10,11,Specialist,2021-11-03,149236.48,3,3.64
980,Joel Smith,19,7,5,Lead Engineer,2021-11-17,134981.31,17,1.3
981,Curtis Castillo,1,1,1,Executive Assistant,2019-10-02,71123.25,18,3.28
982,Scott Quinn,5,1,7,Manager,2025-06-07,160501.81,16,4.17
983,Katherine Henson,6,4,4,Manager,2025-09-11,157093.12,2,3.05
984,Ryan Bond,19,1,2,Specialist,2020-09-01,170940.66,17,3.67
985,Brandon Owens,4,5,7,Lead Engineer,2023-01-12,158735.14,23,2.3
986,Amy Campbell,17,2,12,Specialist,2024-11-14,110659.04,12,3.31
987,Carrie Weber,20,4,9,Associate,2019-08-04,146003.39,24,4.69
988,Corey Estrada,4,7,3,Specialist,2023-07-17,175095.9,13,1.46
989,Traci Hammond,11,2,2,Executive Assistant,2021-06-15,64131.5,24,1.66
990,Donald Howell,4,1,6,Associate,2023-09-19,118944.8,23,2.33
991,Daniel Williams,16,9,4,Senior Analyst,2022-05-03,93430.09,6,3.1
992,Matthew Blankenship,1,5,7,Associate,2024-01-25,140006.95,15,2.43
993,Donna Douglas,4,10,11,Executive Assistant,2020-01-09,138235.6,16,1.84
994,Melissa Lopez,18,5,2,Senior Analyst,2020-05-21,61358.49,15,2.5
995,Brandy Wilcox,20,1,7,Director,2020-02-29,118833.99,24,4.57
996,Julie Williams,4,9,2,Executive Assistant,2021-12-22,176535.25,25,2.96
997,Patricia Russell,17,9,10,Associate,2019-04-10,158908.76,2,3.99
998,Howard Stewart,1,9,2,Associate,2021-09-13,137021.22,13,4.77
999,Mary Sanders,13,6,6,Specialist,2023-12-10,126596.32,2,3.95
1000,Seth Perez,5,5,7,Director,2021-03-29,73921.11,17,3.91
1001,Jennifer Torres,7,7,4,Senior Analyst,2024-11-10,140268.03,10,4.91
1002,Ann Lopez,7,9,6,Associate,2022-10-01,135831.29,23,1.79
1003,Jenna Moore,20,4,9,Associate,2019-05-19,159081.18,18,1.6
1004,Paul Brown,7,6,7,Executive Assistant,2024-04-01,93876.51,6,2.36
1005,David Williams,7,5,1,Manager,2025-01-17,139140.38,13,3.0
1006,Tanner Ford,10,1,6,Specialist,2018-11-07,57174.67,11,3.9
1007,Whitney Sanchez,17,2,1,Director,2021-05-06,144569.21,13,1.53
1008,April Booker,11,3,5,Executive Assistant,2018-10-25,151343.21,24,4.61
1009,Susan Turner,1,1,8,Lead Engineer,2018-05-06,121689.67,23,3.28
1010,Joseph Hubbard,4,3,2,Associate,2020-12-17,72114.4,6,4.31
1011,Jane Mooney,11,2,10,Specialist,2019-10-20,151106.3,6,3.61
1012,Charles Brown,10,7,3,Director,2021-04-22,160006.69,5,3.0
1013,Clayton Cohen,16,5,9,Associate,2018-02-23,78238.35,12,1.0
1014,Sarah Evans,20,2,3,Executive Assistant,2018-06-08,102370.96,4,3.51
1015,Michael Kent,3,1,9,Director,2024-09-03,115325.09,1,4.08
1016,Angela Robertson,14,8,10,Senior Analyst,2020-03-02,147567.01,17,3.36
1017,Tracey Hernandez,7,7,9,Lead Engineer,2023-10-14,71360.06,21,1.13
1018,Kristina Valdez,13,1,4,Director,2020-05-11,83886.39,8,4.25
1019,Helen Fernandez,14,7,9,Associate,2021-07-07,136817.06,13,1.62
1020,Kelly Boyd,2,9,11,Senior Analyst,2021-08-02,49498.43,19,4.4
1021,Ashley Ball,18,6,6,Director,2018-10-25,122378.81,25,2.71
1022,Cindy Norton,19,10,11,Director,2022-03-03,45247.46,12,2.67
1023,Melissa Patel,6,3,10,Senior Analyst,2025-05-27,149529.2,10,4.02
1024,James Harper,20,8,9,Specialist,2023-01-08,124803.9,12,4.78
1025,Jennifer Pittman,6,5,9,Manager,2019-09-01,52196.2,21,1.29
1026,Michael Stevens,11,2,9,Executive Assistant,2020-07-29,170027.56,1,1.69
1027,Nichole Gray,7,7,7,Lead Engineer,2020-05-17,59451.23,9,1.17
1028,Carlos Wright,16,7,1,Manager,2018-05-17,151137.85,22,1.47
1029,Michelle Koch,10,8,11,Specialist,2023-03-02,156823.03,15,2.49
1030,Steven Beard,18,4,8,Associate,2022-06-13,117687.97,19,2.94
1031,Wendy Harmon MD,14,1,3,Senior Analyst,2024-12-18,144905.37,10,1.11
1032,Brooke Warner,12,9,4,Senior Analyst,2021-07-16,60928.23,6,4.32
1033,Angela Weaver,10,6,5,Associate,2023-11-03,99797.41,20,2.53
1034,Ashley Olson,12,2,12,Lead Engineer,2023-11-13,62512.09,3,4.72
1035,Sarah Adams,8,4,11,Specialist,2023-03-13,76649.07,20,3.07
1036,Jacqueline Curry,7,5,6,Specialist,2022-09-22,155913.35,23,4.1
1037,Tony Moreno,3,3,7,Lead Engineer,2023-12-25,123994.14,15,3.63
1038,George Bruce,3,1,8,Associate,2020-12-05,95074.91,2,4.74
1039,Alexis Anderson,3,2,10,Manager,2024-07-01,131788.78,17,4.87
1040,Amber Roberts,5,9,6,Lead Engineer,2024-11-10,110106.52,9,4.04
1041,Anthony Phillips,9,3,2,Director,2019-09-15,48926.56,18,4.99
1042,Calvin Mitchell,11,2,9,Associate,2022-05-09,94203.06,13,1.21
1043,Tony Lewis,12,4,1,Executive Assistant,2024-10-05,51847.27,24,3.78
1044,Craig Hernandez,2,2,5,Lead Engineer,2018-07-12,88537.39,6,4.69
1045,Stacy Warren,5,5,5,Manager,2025-11-04,141726.3,6,2.34
1046,Sean Richardson,12,2,6,Senior Analyst,2018-06-22,113293.22,13,2.47
1047,Shari Davis,3,4,7,Associate,2021-09-22,102665.36,23,4.79
1048,Laura Taylor,13,7,7,Director,2024-11-22,48351.87,2,4.63
1049,Eileen Sullivan,20,5,7,Specialist,2023-05-12,150318.33,22,1.91
1050,Andrea Taylor,18,5,7,Specialist,2024-04-30,51415.65,14,2.12
1051,Robert Taylor,10,2,10,Director,2019-11-25,55681.75,16,1.64
1052,Thomas Webb,5,1,8,Lead Engineer,2019-11-08,176212.28,3,3.89
1053,Steven Buckley,8,1,5,Lead Engineer,2020-05-23,159010.33,5,2.11
1054,Stephen Wong,15,8,10,Manager,2023-02-23,83063.35,22,1.48
1055,Pamela Adams,3,10,12,Specialist,2019-04-12,107438.33,16,3.56
1056,Matthew Miller,6,2,1,Senior Analyst,2025-08-10,178841.47,2,3.25
1057,Anthony Mckinney,3,5,9,Lead Engineer,2018-12-01,175237.54,22,3.11
1058,Dawn Richards,18,3,2,Director,2019-12-07,177501.24,24,1.96
1059,Daisy Garrison,16,5,5,Senior Analyst,2020-11-17,145536.37,1,2.42
1060,Maria Gomez,2,3,10,Senior Analyst,2020-12-23,64655.97,12,4.01
1061,Rebecca Gutierrez,18,2,2,Director,2019-07-17,96050.32,19,4.39
1062,Shelby Velez,3,9,8,Senior Analyst,2021-03-04,65707.86,24,1.33
1063,Walter Crawford,18,3,7,Director,2019-05-22,61583.66,8,3.69
1064,Gail Jones,12,3,11,Executive Assistant,2022-10-16,59988.31,21,3.41
1065,Julie Moore,6,6,6,Lead Engineer,2022-06-25,118069.16,3,3.95
1066,Matthew Carey,9,2,9,Associate,2023-01-11,69424.01,5,3.18
1067,Jennifer Taylor,17,3,7,Specialist,2023-05-23,64312.8,25,1.81
1068,Gregory Roman,12,4,8,Manager,2022-09-06,70003.14,7,3.87
1069,Hailey Brown MD,3,5,6,Associate,2020-11-21,159767.94,10,4.98
1070,Michael Parker,11,2,3,Specialist,2020-01-21,68416.12,21,4.73
1071,Gary Garrett PhD,8,10,2,Specialist,2024-06-25,46218.49,3,3.62
1072,Frank Schneider,20,6,1,Lead Engineer,2019-08-06,71754.95,14,1.14
1073,Lisa Adams,9,9,9,Director,2019-01-08,139823.54,22,4.64
1074,Lorraine Norman,15,7,10,Associate,2018-12-12,148701.88,5,3.31
1075,Misty Vasquez,11,3,8,Specialist,2023-09-05,68335.19,3,1.0
1076,Nathaniel Ross,17,9,7,Lead Engineer,2021-02-22,55785.87,14,1.74
1077,Brian Parker,13,9,5,Specialist,2023-11-06,132900.64,12,1.06
1078,Eileen Cooper,6,6,1,Specialist,2021-01-02,140538.72,20,4.12
1079,Diamond Moore,11,8,2,Lead Engineer,2021-11-05,179463.06,16,4.28
1080,Sharon Garcia,3,8,8,Manager,2019-04-16,109987.53,23,4.47
1081,Mary Massey MD,3,8,3,Manager,2024-04-26,106363.36,2,4.46
1082,Daniel Smith,4,3,11,Manager,2025-07-24,153487.65,3,1.67
1083,Sarah Alvarez,1,3,9,Associate,2025-05-17,153819.9,16,2.11
1084,Jennifer Morgan,2,4,4,Associate,2021-03-05,47661.81,6,4.98
1085,Danielle Mitchell,20,8,9,Specialist,2023-05-29,177095.37,13,3.39
1086,Timothy Mason,18,5,10,Specialist,2019-07-03,163290.46,7,2.07
1087,Marcus Sellers,8,9,2,Specialist,2024-04-02,71042.51,15,1.84
1088,Jeremy Phillips,13,4,7,Lead Engineer,2022-06-19,156022.06,7,1.38
1089,Robert Snow,10,5,2,Senior Analyst,2024-11-07,48556.11,20,3.91
1090,Jordan Jones,13,7,6,Lead Engineer,2019-08-24,66107.11,14,2.43
1091,Kimberly Myers,2,10,10,Lead Engineer,2021-05-20,159120.01,25,3.51
1092,Brianna King,6,3,1,Lead Engineer,2022-10-15,161304.14,22,4.76
1093,Michael Peck,11,9,8,Specialist,2023-11-05,166537.61,23,2.35
1094,Lucas Shaw,8,3,11,Associate,2021-09-23,84601.56,19,3.57
1095,James Sanchez,15,3,7,Specialist,2024-06-23,107690.64,5,1.21
1096,Nina Orozco,16,7,3,Director,2020-12-07,89248.03,9,2.46
1097,James Woods,12,10,3,Executive Assistant,2019-01-22,78896.05,25,4.54
1098,Sabrina Brown,17,5,3,Specialist,2019-12-14,165010.29,1,1.66
1099,Amanda Richard,18,10,6,Director,2018-01-09,66145.8,3,1.93
1100,Joshua Crawford,5,3,10,Associate,2025-02-07,128123.07,12,3.4
1101,Deborah Simpson,9,2,5,Senior Analyst,2025-01-10,100880.35,25,1.9
1102,Andrew Mcguire,16,8,9,Associate,2022-01-18,70955.95,7,4.32
1103,Kristen Weaver,9,4,8,Manager,2020-06-05,179225.21,2,1.85
1104,Kenneth Gonzalez,18,1,2,Manager,2025-03-25,81148.15,24,1.86
1105,Shannon Mathis,19,6,3,Manager,2023-09-27,61698.95,17,3.87
1106,Jennifer Reyes,20,8,1,Specialist,2024-12-05,123491.16,21,1.09
1107,Daniel Davis,14,8,12,Lead Engineer,2018-10-23,109393.03,8,4.6
1108,Teresa Rodriguez,14,4,7,Lead Engineer,2023-07-24,143685.71,11,3.73
1109,David Bond,3,7,7,Manager,2020-03-17,138443.91,1,2.72
1110,Valerie Ortiz,6,10,3,Director,2024-06-05,74494.18,5,1.07
1111,Patrick Daniels,6,8,9,Lead Engineer,2018-02-06,79531.03,1,3.71
1112,Lisa Jordan,13,10,6,Executive Assistant,2020-09-29,67760.18,19,1.08
1113,Maria Duke,19,1,2,Specialist,2018-09-03,78023.36,7,4.69
1114,William Rodgers,9,8,7,Director,2025-02-26,95788.0,6,4.77
1115,Dana Campbell,17,8,4,Lead Engineer,2019-10-15,121853.05,23,2.03
1116,Mrs. Kristin Hill,16,1,5,Associate,2018-10-05,119286.31,18,1.07
1117,John Robinson,16,4,7,Executive Assistant,2019-10-23,67551.47,5,4.87
1118,Charles Barnes,18,10,1,Executive Assistant,2024-07-29,58760.55,11,2.21
1119,Christina Castillo,9,4,3,Specialist,2020-06-14,117422.25,14,1.66
1120,Brandon Vargas,3,3,11,Manager,2025-03-28,115381.11,8,1.02
1121,David Rasmussen,15,1,1,Executive Assistant,2018-01-26,129518.45,11,2.59
1122,Pamela Montes,9,4,4,Senior Analyst,2022-04-25,116185.44,24,1.54
1123,Randall Rivas,6,3,2,Director,2021-05-02,158608.18,24,1.67
1124,Monica Johnson,4,1,5,Manager,2018-06-12,45010.98,5,1.87
1125,Lori Barnett,3,4,11,Associate,2019-07-16,101401.12,18,3.85
1126,Cynthia Hughes,18,8,12,Senior Analyst,2024-01-01,131165.9,21,3.57
1127,Taylor Reynolds,2,6,4,Specialist,2023-02-22,169449.42,5,4.48
1128,Robert Lane,20,1,4,Senior Analyst,2020-02-21,105339.13,19,2.03
1129,Brian Rodriguez,14,3,11,Director,2020-08-19,171689.73,15,1.84
1130,Amber King,7,4,7,Associate,2025-06-20,122021.5,8,3.86
1131,Brandon Lee,18,2,9,Senior Analyst,2021-09-09,141251.74,22,3.19
1132,Jessica Spence,15,5,2,Manager,2020-07-11,164736.87,23,1.68
1133,Erica Buchanan,19,5,3,Associate,2019-12-26,173597.91,18,2.09
1134,Larry Mitchell,17,8,3,Manager,2024-09-03,90657.58,6,2.17
1135,Mark Walker,1,9,3,Director,2024-05-10,96976.12,25,3.14
1136,Douglas Turner,5,2,5,Manager,2022-05-22,78156.54,23,4.34
1137,Duane Stanton,18,1,10,Manager,2020-05-10,135143.49,14,1.75
1138,Cindy Young,11,6,6,Specialist,2020-06-02,159445.71,19,2.04
1139,Nicholas Hickman,19,7,8,Associate,2020-05-19,148265.57,10,2.29
1140,Hunter George,16,2,2,Executive Assistant,2024-09-29,64720.8,24,4.0
1141,Emily Cantu,2,9,8,Director,2020-08-11,150639.23,6,3.35
1142,Thomas Johnson,19,2,9,Associate,2024-05-26,45934.21,7,2.6
1143,Jesus James,15,10,1,Director,2023-09-11,54099.64,16,1.46
1144,Justin Chambers,2,1,12,Senior Analyst,2021-01-01,155127.51,2,2.29
1145,Jessica Anderson,8,2,11,Senior Analyst,2025-11-02,120860.63,11,1.21
1146,Amanda Moore,3,9,11,Senior Analyst,2018-03-05,118761.42,16,1.34
1147,Joyce Sherman,5,2,10,Director,2018-10-17,152354.35,10,1.62
1148,Jennifer Tanner,9,3,12,Manager,2024-01-13,141725.2,15,1.06
1149,Scott Washington,8,8,6,Director,2020-08-13,62641.07,3,4.46
1150,Jacqueline Lewis,8,9,6,Manager,2022-11-16,113367.68,25,2.99
1151,Jesus Petersen,17,10,2,Executive Assistant,2023-06-21,167582.5,11,3.74
1152,Erika Sullivan,3,7,5,Executive Assistant,2024-09-21,149847.5,8,3.85
1153,Jesus Wilson,9,8,5,Specialist,2019-08-26,78851.27,3,3.92
1154,Stephanie Martinez,14,8,4,Specialist,2020-10-26,84358.83,6,4.16
1155,Veronica Hart,16,4,4,Senior Analyst,2022-09-24,93349.88,5,1.09
1156,Tammy Reed,15,3,11,Executive Assistant,2023-03-05,151060.18,9,3.2
1157,Jeffrey Martin,10,2,5,Director,2018-07-13,128081.69,9,2.57
1158,Lynn Vega,5,7,12,Associate,2020-06-01,137941.12,13,3.51
1159,Michelle Hodges,5,9,10,Lead Engineer,2022-05-15,150209.49,8,3.01
1160,Garrett Boyd,5,1,4,Senior Analyst,2023-05-08,140389.1,5,4.73
1161,Tammy Joseph,9,4,5,Senior Analyst,2020-06-09,90677.67,4,2.7
1162,Melanie Stone,6,3,9,Specialist,2025-08-18,84409.73,25,1.61
1163,Brian Young,6,4,10,Specialist,2025-04-12,97941.09,25,1.53
1164,Nicole Gonzales,9,7,1,Manager,2019-07-07,83945.91,10,2.39
1165,Jacob Robertson,17,10,10,Specialist,2020-02-08,101133.09,15,1.04
1166,Amber Reyes,18,2,8,Manager,2020-06-21,76790.73,9,3.46
1167,Jose Morales,4,6,1,Executive Assistant,2019-07-14,134689.76,23,2.7
1168,Gregory Ortiz,5,2,7,Executive Assistant,2018-12-09,61108.64,15,2.45
1169,Eric Burton,3,7,12,Senior Analyst,2023-02-16,75231.47,1,2.9
1170,Scott Mcneil,10,3,3,Associate,2021-07-07,150249.7,8,2.74
1171,Nicholas Scott,5,1,8,Senior Analyst,2025-07-11,103158.58,8,3.05
1172,Adam Harris,11,7,7,Specialist,2024-12-09,109393.13,17,2.08
1173,Timothy Mccoy,17,4,7,Senior Analyst,2024-07-02,45937.01,2,1.09
1174,James Bailey,19,2,9,Director,2019-03-25,113825.82,1,2.26
1175,Sean Odonnell,14,10,7,Specialist,2019-05-08,101392.14,23,1.33
1176,Brandon Mueller,15,3,11,Lead Engineer,2020-07-17,88591.8,4,2.27
1177,Theresa Thompson,14,5,4,Associate,2018-01-13,91629.09,15,2.57
1178,Max Edwards,9,1,11,Manager,2021-08-10,131031.52,14,1.85
1179,John Roberts,2,9,3,Lead Engineer,2023-04-18,71686.07,12,3.87
1180,Erica Reed,3,4,5,Executive Assistant,2020-04-25,76802.56,3,4.98
1181,Mike Hall,1,1,2,Specialist,2025-08-04,164475.93,18,4.49
1182,Jesse Harding,12,10,2,Manager,2022-06-13,149850.5,16,1.02
1183,Joseph Hughes,8,8,9,Associate,2024-07-26,149695.79,25,2.05
1184,Brandon Finley,10,4,9,Director,2024-07-06,132818.5,6,2.7
1185,Joshua Brewer,4,10,11,Manager,2023-12-04,45100.98,18,3.09
1186,Alisha Lyons,1,1,11,Senior Analyst,2021-07-19,149568.61,20,2.94
1187,Jacqueline Wagner,16,6,10,Specialist,2023-11-11,115463.81,6,3.8
1188,Diane Hester,8,1,4,Manager,2024-11-12,145912.22,17,4.67
1189,Ernest Hill,5,6,3,Specialist,2019-02-18,95897.99,10,2.67
1190,Emily Gonzalez,4,9,6,Director,2018-01-29,172785.25,18,1.89
1191,Carolyn Schroeder PhD,6,1,5,Lead Engineer,2018-02-07,157210.07,8,1.48
1192,Casey Whitney,9,8,1,Associate,2023-07-28,64440.73,11,2.76
1193,Tracy Johnson,18,2,6,Manager,2023-11-28,67590.44,6,3.61
1194,Rita Smith,4,7,12,Senior Analyst,2023-02-23,45850.13,22,1.34
1195,Stephen Hampton,19,7,11,Director,2019-10-20,155683.61,11,1.88
1196,Mary Chung,9,5,8,Associate,2022-02-08,99679.35,20,2.33
1197,Patrick Moore,3,8,3,Senior Analyst,2022-01-08,96634.2,23,4.17
1198,John Valencia,3,5,7,Associate,2025-01-23,140018.52,17,3.3
1199,Daniel Sullivan,1,4,10,Executive Assistant,2023-04-20,67977.2,22,1.75
1200,Lauren Chen,17,2,5,Manager,2018-04-26,82321.14,17,1.29
1201,Cindy Owens,14,4,9,Specialist,2025-03-30,76476.12,2,1.75
1202,Brenda Williams,18,6,11,Director,2019-01-18,94831.62,16,2.44
1203,Collin Norman,15,7,4,Lead Engineer,2022-01-19,83394.63,14,2.8
1204,Gerald West,18,1,4,Senior Analyst,2024-05-02,109492.58,16,2.01
1205,Lisa Davis,10,5,8,Associate,2019-04-08,142749.57,16,1.42
1206,Barbara Johnston,3,4,1,Senior Analyst,2023-05-09,175568.83,20,1.36
1207,Samantha Walker,11,5,4,Specialist,2025-01-05,59648.75,11,3.05
1208,Rebekah Good,19,1,9,Director,2018-09-14,84673.94,4,4.89
1209,Ashley Bennett,14,2,11,Senior Analyst,2024-07-06,85642.3,13,4.49
1210,Andrea Garrett,2,4,2,Director,2018-09-30,57888.85,8,2.75
1211,Julie Clark,1,3,3,Manager,2020-07-11,69137.44,24,3.82
1212,Daniel Phillips,1,6,7,Associate,2018-10-25,131983.23,10,3.65
1213,Michael Rice,7,4,11,Specialist,2025-08-15,176767.95,19,3.49
1214,Kevin Chavez,11,4,8,Executive Assistant,2025-12-23,117128.36,7,1.31
1215,Carol Ramirez,5,2,12,Lead Engineer,2025-09-11,85663.23,12,1.41
1216,Todd Powers,18,7,6,Director,2019-03-27,178645.52,21,4.67
1217,Emily Phillips,12,3,1,Executive Assistant,2022-08-01,149250.5,10,3.73
1218,Gary Clark,14,3,4,Senior Analyst,2020-02-05,49352.81,10,4.11
1219,Cody Roth,5,1,8,Executive Assistant,2024-08-07,95203.95,10,3.03
1220,Angelica Webb,7,8,6,Lead Engineer,2023-03-25,130684.09,20,1.57
1221,Yvonne Watson,17,9,9,Director,2021-01-31,62231.21,7,2.19
1222,Brian Snyder,12,8,6,Specialist,2018-07-03,169925.73,4,3.11
1223,Judith Padilla,20,6,7,Lead Engineer,2021-09-15,142937.73,4,1.77
1224,Susan Clark,2,1,1,Director,2025-03-13,171994.01,15,4.37
1225,Christina Rose,17,1,3,Specialist,2018-09-06,60917.99,21,4.21
1226,Shawn Thomas,18,4,6,Associate,2024-10-15,60213.04,18,3.88
1227,Brittany Smith,5,3,8,Associate,2018-01-26,155812.34,5,1.69
1228,Jeffrey Nguyen,6,5,1,Lead Engineer,2018-01-17,132398.95,9,2.68
1229,Bradley Greer,3,5,8,Associate,2025-08-08,85310.93,8,4.76
1230,Veronica Hendricks,16,2,11,Manager,2018-10-25,58403.07,14,1.23
1231,Dillon Carpenter,4,8,1,Director,2020-03-30,51878.61,20,1.05
1232,Erika Collins,18,10,9,Director,2019-05-02,83672.41,20,2.35
1233,Dillon Martin,18,5,2,Specialist,2023-06-16,161448.88,9,3.2
1234,Alejandra Johnson,16,9,2,Director,2025-08-03,86843.88,4,4.56
1235,Adam Campbell,13,2,3,Associate,2022-12-30,70028.34,21,1.31
1236,David Mason,18,5,6,Manager,2024-08-27,83964.12,20,2.05
1237,Keith Perry,20,2,5,Senior Analyst,2020-11-10,171160.21,4,4.37
1238,Michael Bell,14,8,11,Senior Analyst,2019-10-16,63291.59,10,4.22
1239,Taylor Harris,10,3,9,Lead Engineer,2023-05-24,90744.1,1,3.44
1240,Veronica Oliver,20,7,7,Manager,2019-03-19,102098.33,20,3.63
1241,Lori Davis,18,5,7,Director,2021-05-13,53889.2,17,2.03
1242,Mark Rodriguez,13,2,1,Executive Assistant,2020-10-26,170613.33,2,2.28
1243,Christian Campbell,13,3,1,Director,2024-01-26,125865.99,12,1.44
1244,Amanda Whitney,6,5,7,Specialist,2025-12-07,83653.73,7,4.07
1245,Mary Tyler,1,6,11,Specialist,2025-07-19,171538.23,16,1.78
1246,Jeffery Taylor,8,3,4,Executive Assistant,2023-07-07,101032.87,1,3.99
1247,Timothy Williams,6,2,2,Executive Assistant,2021-01-22,127974.09,3,1.53
1248,Sherri Buchanan,1,9,8,Associate,2021-07-18,57435.16,15,3.08
1249,Stephen Ramos,13,4,12,Specialist,2021-11-17,60634.07,3,3.44
1250,Sarah Miller,17,3,1,Manager,2023-12-26,131524.63,19,1.96
1251,Craig Davis,19,7,8,Specialist,2022-05-04,46237.74,2,4.79
1252,John Ward,8,6,11,Executive Assistant,2020-01-31,146901.98,13,1.93
1253,David Clark,16,10,12,Manager,2020-06-11,92696.34,19,2.55
1254,Suzanne Barnes,15,8,1,Manager,2019-03-10,105371.53,19,3.6
1255,Patricia Deleon,4,5,7,Lead Engineer,2022-07-21,142262.13,2,2.83
1256,Shirley Sanders,16,5,12,Associate,2024-09-28,99124.52,23,2.77
1257,Suzanne Brown,17,4,10,Director,2024-12-12,82300.34,8,2.46
1258,Kimberly Patterson,10,8,10,Lead Engineer,2021-02-27,175515.77,20,1.89
1259,Donna Lee,20,4,11,Executive Assistant,2021-12-20,55220.55,19,1.01
1260,Jordan Smith,10,4,7,Specialist,2021-11-26,149456.7,11,2.37
1261,James Alvarado,1,1,11,Director,2020-02-06,108240.79,1,1.27
1262,Erin Brooks DVM,19,7,10,Director,2024-10-23,96116.52,24,2.07
1263,Amanda Long,12,3,6,Director,2020-07-14,110946.36,8,3.49
1264,Linda Hernandez,4,10,8,Director,2021-10-13,153821.15,19,3.35
1265,Joseph Alexander,10,6,11,Specialist,2022-09-22,153682.86,24,4.58
1266,Adriana Diaz,13,3,12,Lead Engineer,2023-06-19,155196.29,5,3.37
1267,Anthony Munoz,2,2,9,Senior Analyst,2019-04-20,100353.24,6,2.91
1268,Kerri Hall,6,1,8,Senior Analyst,2021-12-29,56079.14,19,3.62
1269,Travis Lawson,15,5,3,Associate,2020-10-17,90354.65,21,1.06
1270,Adriana Johnson,5,5,9,Senior Analyst,2024-09-30,45438.73,7,4.54
1271,Austin Garcia,7,6,4,Director,2018-05-01,147906.24,25,4.58
1272,Lori Turner,17,6,11,Senior Analyst,2020-07-09,81419.19,24,1.51
1273,Jonathan Mcclain,10,6,6,Manager,2025-01-14,69874.21,15,3.69
1274,Michael Fisher,17,7,2,Lead Engineer,2020-01-13,152931.2,4,2.71
1275,Christopher Barnes,3,4,12,Director,2021-08-12,99050.98,3,1.24
1276,Sara Morales,13,1,1,Senior Analyst,2021-12-20,149374.8,12,2.03
1277,Claire Chambers,10,2,5,Associate,2019-04-21,87075.4,3,3.17
1278,Sheila Blankenship,10,8,5,Associate,2024-11-22,59464.18,13,4.92
1279,Deborah White,20,9,5,Specialist,2021-09-17,91871.78,2,3.18
1280,Susan Martinez,16,1,8,Associate,2020-10-24,110115.84,20,4.7
1281,Kaitlyn Owen,5,8,1,Senior Analyst,2018-10-05,45967.66,9,2.19
1282,William Buck,1,10,8,Director,2021-10-09,173089.06,1,3.18
1283,Jason Burton,11,1,10,Senior Analyst,2022-02-28,174095.15,13,3.9
1284,Sarah Schwartz,14,7,11,Lead Engineer,2022-10-18,73683.69,24,1.79
1285,Joseph Adams,14,9,9,Lead Engineer,2025-08-26,134330.66,7,3.88
1286,Charles Franco,8,6,5,Lead Engineer,2018-07-26,93535.47,7,2.42
1287,Denise Crane,13,6,5,Director,2023-08-14,92591.91,22,3.32
1288,Brooke Powers,15,9,5,Specialist,2025-12-08,157608.62,10,1.95
1289,Kelly Mendoza,13,10,8,Senior Analyst,2021-02-07,170450.66,5,3.71
1290,Bradley Higgins,14,9,8,Director,2018-07-10,97321.54,19,1.58
1291,Jason Rodriguez,9,3,10,Senior Analyst,2022-08-19,93212.09,25,4.59
1292,Joanne Mathis,8,5,2,Manager,2020-06-08,125735.13,13,2.48
1293,Grant Thomas,5,5,8,Senior Analyst,2021-06-30,129647.58,10,1.44
1294,Tony Ayala,16,5,10,Director,2025-10-07,174160.05,8,3.97
1295,Daniel Ross,14,7,9,Manager,2024-08-08,108634.23,1,1.85
1296,Olivia Oneill,20,10,8,Specialist,2024-07-26,110085.87,12,2.34
1297,Scott Hale,7,9,12,Manager,2020-12-07,86023.72,13,2.1
1298,Brittany Miller,3,1,11,Manager,2021-10-15,131610.06,18,2.19
1299,Rebecca Barnett,10,5,12,Specialist,2023-04-14,123485.24,4,3.13
1300,Heather Steele,14,9,4,Manager,2023-04-02,143224.67,4,3.48
1301,Brian Ball MD,4,5,7,Lead Engineer,2019-02-19,90375.77,25,4.21
1302,Scott Bond,15,5,8,Manager,2021-06-29,146799.69,19,2.62
1303,Donna Weber,2,8,1,Associate,2021-08-28,156964.16,2,1.26
1304,Anna Smith,18,9,1,Senior Analyst,2019-08-15,73207.93,5,2.35
1305,Joseph Powell,15,4,7,Director,2023-04-24,115840.13,22,4.15
1306,Richard Brady,11,6,7,Director,2020-04-07,171859.02,2,3.95
1307,Timothy Miller,20,3,8,Senior Analyst,2024-06-23,179684.78,9,3.02
1308,Darlene Pruitt,2,5,3,Executive Assistant,2020-10-11,142405.29,4,4.34
1309,Michael Jenkins,7,5,11,Senior Analyst,2022-04-22,82648.15,15,4.19
1310,Theodore Smith,15,5,7,Senior Analyst,2023-06-02,113065.19,4,3.21
1311,Patricia Washington,4,4,11,Manager,2022-08-18,65346.82,25,2.28
1312,Sheila Calderon,15,5,11,Director,2021-01-06,89667.39,2,1.85
1313,Jeffrey Wilkerson,6,5,9,Manager,2024-10-20,117228.22,6,1.08
1314,Daniel Blackburn,7,10,8,Senior Analyst,2018-10-13,160951.15,9,1.08
1315,Amanda Becker,11,5,4,Associate,2022-10-08,165869.42,6,2.95
1316,James Gray,20,3,10,Executive Assistant,2023-01-11,145071.76,13,2.45
1317,Nicole Maldonado,8,3,5,Associate,2022-09-07,143980.74,16,2.42
1318,Roger Lewis,4,7,4,Executive Assistant,2022-10-29,47730.72,23,4.91
1319,Megan Thompson,18,4,9,Director,2018-09-28,113360.64,7,1.62
1320,Erica Hogan,7,6,10,Associate,2019-05-27,163925.32,5,1.43
1321,Victoria Brooks,17,1,12,Specialist,2025-02-24,64462.68,19,1.9
1322,Catherine Bass DVM,17,8,12,Manager,2021-07-16,69109.65,4,4.34
1323,Lisa Lang,14,3,11,Manager,2025-01-10,71776.82,1,4.35
1324,Mark Gilbert,13,4,2,Executive Assistant,2025-02-24,85512.15,2,2.46
1325,Angelica Crawford,10,2,1,Associate,2022-05-22,162543.64,20,1.57
1326,Mariah Smith,9,9,8,Specialist,2019-04-24,45147.34,2,4.82
1327,Karen Hood,14,9,3,Executive Assistant,2021-12-04,62845.68,2,2.18
1328,Jordan Berry,20,10,6,Senior Analyst,2024-11-02,127603.37,14,3.42
1329,David Johnson,18,1,10,Manager,2018-12-09,112593.79,9,4.7
1330,Julie Martin,12,7,3,Lead Engineer,2021-05-01,54460.5,3,4.17
1331,Mary Fuentes,10,7,2,Senior Analyst,2024-08-11,178630.91,23,2.44
1332,Monica Garcia,6,1,11,Specialist,2022-08-17,115842.52,10,2.17
1333,Gabriella Perkins,1,5,12,Manager,2022-01-10,71815.25,4,2.45
1334,Emma Schmidt,2,10,2,Executive Assistant,2019-01-31,141365.98,7,4.12
1335,James Rivera,17,3,6,Lead Engineer,2024-05-16,168495.57,3,1.33
1336,Pamela Vang,2,4,5,Specialist,2023-04-30,128212.85,12,4.23
1337,Debra Estrada,4,10,2,Lead Engineer,2024-01-31,64014.92,22,3.03
1338,William Robinson,3,7,1,Specialist,2021-04-02,111001.78,19,3.37
1339,Jason Berry,20,7,9,Manager,2018-09-12,74864.44,24,1.64
1340,Cory Rodgers,12,3,7,Specialist,2018-11-22,115630.81,20,1.59
1341,Matthew Smith,3,6,10,Associate,2023-05-20,129946.44,8,2.77
1342,Michelle Williams,7,3,10,Director,2021-12-30,81157.44,3,4.37
1343,Matthew Owens,12,7,6,Senior Analyst,2023-10-05,51990.34,7,2.25
1344,James Davis,5,8,4,Manager,2023-07-28,94133.68,18,3.2
1345,Lisa Parker,14,2,10,Manager,2022-08-09,83486.9,5,1.97
1346,Ashley Evans,13,6,7,Director,2024-07-09,106682.84,3,3.44
1347,Luis Page,9,8,5,Associate,2025-01-28,109801.45,8,2.66
1348,Sara Walker MD,8,6,11,Director,2019-02-10,150629.9,1,3.36
1349,Mr. Thomas Martinez,20,5,5,Executive Assistant,2018-10-28,121584.89,1,3.31
1350,Michael Alexander,10,10,11,Senior Analyst,2019-03-09,135713.14,5,2.54
1351,Kurt Lee,3,7,11,Manager,2023-03-28,151236.94,3,1.25
1352,Lori Chapman,15,7,10,Lead Engineer,2023-01-14,68985.99,20,4.75
1353,Carmen Silva,1,4,12,Associate,2021-08-01,123929.57,22,1.13
1354,Charles Spencer,11,5,2,Manager,2021-01-20,117786.29,19,1.73
1355,Carrie Haas,7,3,7,Senior Analyst,2019-08-28,177867.52,18,1.09
1356,Susan Huynh,17,6,9,Associate,2018-02-06,175541.63,12,4.23
1357,Marcus Ruiz,4,10,8,Executive Assistant,2023-02-13,58190.6,16,4.55
1358,Matthew Vasquez,7,10,6,Associate,2018-09-08,56614.05,14,2.52
1359,Nathaniel Miller,5,10,5,Lead Engineer,2019-05-09,105254.45,16,1.67
1360,Angela Strickland,19,6,6,Lead Engineer,2018-03-20,149820.13,5,3.24
1361,Donna Martin,12,8,3,Executive Assistant,2023-08-24,126018.69,19,2.51
1362,Rebecca Valdez,1,9,4,Associate,2024-10-03,82525.74,2,4.72
1363,Donald Mullins,13,10,10,Lead Engineer,2024-02-22,167465.59,23,4.92
1364,Matthew Rodriguez,7,7,9,Associate,2024-11-11,88424.46,4,2.16
1365,Brett Pope,6,1,6,Senior Analyst,2022-02-04,177641.79,10,1.23
1366,Adriana Green,13,9,4,Specialist,2018-04-05,78256.05,18,1.85
1367,Michelle Acevedo,20,9,12,Executive Assistant,2019-02-21,72843.87,1,3.69
1368,Albert Sanders MD,11,6,1,Lead Engineer,2023-10-30,47602.36,22,1.77
1369,Dr. Casey Harper DVM,1,3,8,Senior Analyst,2025-09-14,141048.12,9,3.36
1370,Kenneth Henson,18,6,6,Lead Engineer,2021-10-17,105070.61,5,3.76
1371,Stephanie Horn,13,5,4,Manager,2023-12-26,154058.52,23,1.47
1372,Mrs. Stephanie Parsons,12,1,4,Lead Engineer,2022-10-10,160028.77,8,2.08
1373,Vanessa Grimes,4,5,4,Specialist,2025-12-18,179058.14,12,2.73
1374,Jimmy Walls,20,6,10,Executive Assistant,2022-05-16,152310.08,16,1.81
1375,Daniel West,9,6,3,Director,2019-10-02,64209.51,21,4.39
1376,Scott Bates,4,1,7,Lead Engineer,2022-03-25,72129.74,16,4.4
1377,Jeff Martin,9,6,5,Specialist,2019-05-27,174239.4,14,4.48
1378,Rebecca Johnson,13,5,11,Associate,2021-04-17,147760.49,25,2.84
1379,Brandon Marshall,14,9,11,Director,2022-04-26,150433.73,15,4.27
1380,Robert Forbes,13,8,3,Lead Engineer,2020-09-24,100296.05,14,3.16
1381,Cody Barnes,19,1,1,Executive Assistant,2022-09-26,81050.2,8,4.18
1382,Jodi Walsh,16,5,10,Lead Engineer,2025-03-04,136474.02,7,2.88
1383,Lori White,4,5,1,Senior Analyst,2023-07-30,139914.62,24,4.75
1384,James Hill,2,4,2,Lead Engineer,2019-04-16,121837.26,23,4.83
1385,Dawn Sweeney,15,9,5,Associate,2022-07-01,83378.06,9,4.12
1386,Kenneth Diaz,13,10,2,Senior Analyst,2024-04-12,104444.19,16,2.48
1387,James King,13,5,12,Director,2021-11-15,175368.09,10,4.84
1388,Melvin Thompson,2,5,7,Lead Engineer,2018-05-28,101489.9,24,4.54
1389,Miss Michelle Walsh,11,6,2,Associate,2022-03-12,176993.47,4,4.91
1390,Jennifer Gilbert,10,10,7,Manager,2025-03-31,53245.48,24,4.14
1391,Teresa Meyers,14,10,8,Director,2024-11-03,138797.56,18,1.54
1392,Alexis Rose,18,10,12,Lead Engineer,2025-09-01,92634.38,23,3.73
1393,Kevin Shaw,7,3,12,Lead Engineer,2018-11-15,127392.47,5,3.11
1394,Anthony Smith,3,4,8,Manager,2022-12-03,77613.87,10,1.98
1395,Jonathan Brown,14,4,9,Associate,2019-07-25,158559.71,13,2.07
1396,Adam Garza,7,2,7,Executive Assistant,2020-08-15,72677.32,16,1.17
1397,Kevin Ellis,16,5,10,Associate,2020-06-21,158086.59,7,3.86
1398,Andrew Miller,18,2,2,Associate,2024-09-15,92075.3,10,1.13
1399,Bobby Jones,19,10,4,Executive Assistant,2020-05-08,130822.46,3,4.1
1400,Kevin Mckinney,16,7,11,Director,2024-10-09,88017.3,9,4.13
1401,Jessica Mendoza,1,6,3,Senior Analyst,2021-07-15,119860.71,17,3.6
1402,Joe Garcia,12,8,5,Associate,2023-07-07,82059.62,3,4.63
1403,Benjamin Thomas,17,1,1,Associate,2021-12-15,60586.64,10,2.07
1404,Michael Austin,17,4,9,Associate,2024-10-11,63952.04,9,4.94
1405,Steven Odonnell,16,3,5,Senior Analyst,2019-06-20,150757.27,15,1.06
1406,Debra Figueroa,3,2,8,Manager,2018-10-14,72847.21,20,2.12
1407,Samantha Thomas,14,9,7,Manager,2022-11-09,79662.6,20,2.54
1408,Vanessa Hanna,19,10,6,Executive Assistant,2018-05-06,130101.92,24,1.18
1409,George Friedman,9,4,12,Executive Assistant,2020-07-13,158722.65,20,2.23
1410,James Perkins,3,1,11,Lead Engineer,2018-08-07,72040.28,12,3.15
1411,Julia Johnson,14,3,6,Executive Assistant,2022-04-05,95618.54,19,1.64
1412,Joseph Williams,6,7,12,Manager,2024-11-08,146433.63,25,2.05
1413,Tracie Jenkins,16,9,11,Associate,2025-01-23,127842.08,24,3.58
1414,Mary Smith,19,1,7,Director,2024-06-02,101649.68,5,2.91
1415,Charles Baker,6,3,7,Lead Engineer,2020-02-13,49526.92,16,1.62
1416,Dustin Pierce,18,4,4,Specialist,2021-06-15,55444.09,11,2.33
1417,Francisco Smith,4,3,4,Associate,2025-12-27,82113.34,5,4.53
1418,Elizabeth Hammond,14,4,1,Manager,2020-03-04,120124.99,17,4.58
1419,David Gallegos,20,6,9,Manager,2023-07-28,160366.01,7,1.04
1420,Daniel Hall,16,6,1,Lead Engineer,2025-08-11,84959.94,23,2.84
1421,Steven Short,3,2,9,Director,2021-02-04,73811.73,24,2.04
1422,Stephen Smith,15,2,6,Specialist,2023-05-27,161882.61,20,1.54
1423,Ronald Holland,14,7,1,Lead Engineer,2018-06-03,122298.57,24,1.22
1424,Amanda Ortiz,6,4,8,Senior Analyst,2024-07-03,130776.81,11,2.86
1425,Erin Parks,1,3,11,Specialist,2025-08-16,163544.25,25,1.37
1426,Benjamin Jones,18,10,12,Manager,2022-03-24,69685.3,13,4.3
1427,Jasmine Smith,20,9,12,Specialist,2025-11-24,117481.71,18,2.98
1428,Leah Thomas,7,8,9,Executive Assistant,2023-05-26,66358.41,16,3.09
1429,Brendan Logan,4,7,2,Specialist,2023-02-13,170398.61,14,1.55
1430,Olivia Richardson,3,2,2,Associate,2022-07-13,130072.84,16,4.01
1431,Connie Young,7,1,6,Executive Assistant,2019-08-25,89463.14,23,4.03
1432,Ricky Cannon,3,2,5,Director,2024-12-18,74507.26,11,1.44
1433,Jasmine Kidd,3,10,2,Director,2020-02-22,97559.93,24,4.33
1434,Wayne Howard,4,5,1,Senior Analyst,2021-05-09,157038.49,10,1.23
1435,Joseph Boyer,13,3,5,Director,2023-09-15,166050.75,1,1.68
1436,Sandra Hill,14,9,2,Manager,2019-10-16,72595.19,25,3.95
1437,Kathleen Dalton,19,5,10,Lead Engineer,2019-03-27,160449.1,17,2.74
1438,Christina Robinson,14,8,1,Manager,2019-11-19,82485.32,5,1.65
1439,Charles Woods,18,4,7,Lead Engineer,2022-10-25,154439.66,8,4.87
1440,Laura Gibbs,4,5,4,Specialist,2023-01-29,66390.54,16,3.85
1441,Michael Durham,7,1,6,Associate,2018-10-21,114238.79,13,3.23
1442,Kim Skinner,3,4,4,Specialist,2023-12-28,73724.06,13,1.8
1443,Alexandra Wood,20,7,6,Lead Engineer,2024-01-11,162781.37,7,1.77
1444,Gregory Armstrong,7,6,2,Manager,2021-09-07,93031.65,7,2.04
1445,Mrs. Kayla Fox MD,16,5,9,Lead Engineer,2020-11-10,138837.71,15,4.05
1446,Beverly Strong,20,7,2,Lead Engineer,2022-08-10,78875.61,24,4.79
1447,Matthew Thompson,2,9,6,Director,2023-01-12,115885.13,17,1.61
1448,Heidi Garcia,17,4,12,Lead Engineer,2023-02-25,84611.5,10,3.11
1449,Candace Duran,8,8,6,Lead Engineer,2021-09-12,156109.35,25,4.94
1450,Ryan Johnson,18,6,8,Director,2022-03-16,108773.97,21,2.87
1451,Tristan Maynard,10,2,8,Senior Analyst,2021-07-14,117262.97,20,4.37
1452,Mrs. Angela Obrien,18,8,11,Lead Engineer,2019-04-08,176519.55,9,2.95
1453,Jesse Patterson,15,2,11,Senior Analyst,2022-04-12,86812.57,18,4.28
1454,James Mcconnell,9,5,6,Senior Analyst,2019-04-26,56459.67,19,2.38
1455,Robert Moore,11,8,11,Specialist,2019-06-20,45516.67,3,3.49
1456,Renee Oneal,14,9,3,Senior Analyst,2024-05-12,46704.63,12,4.79
1457,Mitchell Kim,17,5,5,Executive Assistant,2021-09-03,80316.11,3,2.48
1458,Brandon Ford,7,5,6,Senior Analyst,2020-04-28,79529.29,6,2.23
1459,Michelle Campbell,19,10,11,Lead Engineer,2025-06-16,161003.09,7,1.06
1460,Cindy Owens,11,6,7,Lead Engineer,2024-01-21,55444.58,1,4.39
1461,George James,7,8,10,Director,2020-08-04,100409.95,20,4.11
1462,Denise Williams,10,7,7,Manager,2019-10-10,129403.78,11,4.25
1463,Joshua Williams,2,6,3,Executive Assistant,2020-10-18,79643.64,12,2.74
1464,Laura Williams,5,9,4,Director,2023-12-16,78262.58,1,2.52
1465,Alvin York,9,10,6,Manager,2022-04-30,147228.62,5,4.18
1466,John Black,10,5,10,Director,2023-09-04,151529.12,24,1.22
1467,Cody Lucero,8,5,7,Lead Engineer,2024-05-10,145958.41,20,3.3
1468,Christina Johns,4,9,3,Executive Assistant,2025-11-03,164348.7,20,1.03
1469,Matthew Mercado,19,1,6,Specialist,2018-06-02,68799.48,3,4.93
1470,Heather White,7,2,5,Executive Assistant,2018-02-28,72918.57,11,3.98
1471,Lindsey Bird,2,4,6,Manager,2020-07-09,160101.51,23,3.27
1472,Heather Kim,13,10,3,Specialist,2024-12-05,91779.8,17,3.85
1473,Bradley Farley,14,7,6,Associate,2018-02-24,115173.15,1,4.66
1474,Erik Spencer,7,8,6,Associate,2018-06-26,106302.2,21,4.09
1475,Tina Wilson,8,9,4,Executive Assistant,2024-02-26,144337.23,9,2.34
1476,Mckenzie Santos,14,6,4,Senior Analyst,2020-03-15,56894.61,23,3.34
1477,Joshua Campos,5,10,3,Specialist,2019-03-12,95090.04,8,3.6
1478,Levi Gonzalez,2,9,2,Senior Analyst,2021-09-14,56993.35,3,4.39
1479,Veronica Alvarez,7,10,7,Associate,2022-07-22,58901.71,18,3.36
1480,David Rodgers,19,1,5,Associate,2025-09-08,54249.31,3,4.48
1481,Christopher Anderson,4,5,2,Director,2021-08-04,106814.2,20,1.11
1482,Jimmy Martinez,11,6,6,Lead Engineer,2025-09-23,46906.02,20,3.9
1483,Amy Nichols,12,10,8,Senior Analyst,2018-11-08,138647.66,20,4.61
1484,Michael Rodriguez,6,4,2,Manager,2025-11-06,160005.03,21,1.03
1485,Kristopher Nguyen,8,10,11,Executive Assistant,2024-10-28,97687.64,25,2.64
1486,Logan Horn,4,1,5,Executive Assistant,2022-06-05,131134.78,25,3.95
1487,Jeremy Reyes,3,7,7,Director,2020-08-26,89709.75,12,4.29
1488,Michelle Foster,14,4,11,Senior Analyst,2025-11-26,145743.86,5,1.89
1489,Lisa Blackwell,16,2,9,Associate,2023-05-26,103017.36,6,2.54
1490,Ann Roberts DVM,16,1,6,Manager,2025-11-12,126664.67,7,2.12
1491,Steven Pena,16,7,11,Senior Analyst,2023-01-23,68764.24,18,2.39
1492,Charles Wilson,19,10,10,Director,2019-06-10,155790.35,5,4.76
1493,Gregory Becker,1,9,11,Associate,2018-10-04,151256.51,4,2.54
1494,Derek Gibson,15,3,6,Specialist,2024-03-28,140815.36,8,4.83
1495,Jacob Newman,18,2,7,Specialist,2019-10-07,51723.64,8,2.33
1496,Adam Porter,11,8,12,Specialist,2019-11-15,52349.57,3,1.18
1497,Christopher King,8,9,6,Senior Analyst,2019-08-03,46145.68,17,1.87
1498,Charles Murray,4,8,4,Associate,2020-09-01,166021.69,18,1.54
1499,Anthony Pratt,5,8,9,Lead Engineer,2025-02-07,46648.35,19,2.75
1500,Suzanne Rojas,18,4,4,Lead Engineer,2020-03-29,121223.7,15,3.9
1501,Amanda Hurst,15,6,12,Director,2022-04-27,157944.28,5,1.96
1502,Laura Miller,12,2,12,Lead Engineer,2024-01-08,90305.4,15,4.14
1503,Helen Gallagher,10,7,7,Associate,2018-01-24,115868.44,14,1.08
1504,Ashley Deleon,16,1,7,Senior Analyst,2019-11-08,175694.79,24,3.43
1505,Lisa Mcguire,13,1,5,Executive Assistant,2019-11-28,102938.74,3,3.85
1506,Morgan Waters,1,3,2,Lead Engineer,2020-09-23,105170.78,24,2.24
1507,Evelyn Norton,10,10,11,Director,2024-07-03,155714.31,20,4.53
1508,Christy Salazar,20,5,11,Executive Assistant,2020-10-04,130245.05,22,1.1
1509,Christine Brown,4,3,11,Senior Analyst,2018-09-30,45035.34,8,2.28
1510,Heather Bell,6,6,2,Manager,2021-03-01,149781.02,25,3.65
1511,Pamela Cunningham,11,6,1,Senior Analyst,2025-07-14,71480.09,17,2.47
1512,Sandra Cooper,17,3,5,Associate,2023-02-08,115514.04,13,2.21
1513,Zachary Weber,1,2,5,Manager,2020-03-18,118277.76,24,3.84
1514,Hannah Miller,18,8,2,Associate,2021-09-10,104417.51,21,3.96
1515,Daniel Smith,19,2,2,Senior Analyst,2023-09-14,61732.82,19,3.11
1516,Roy Morrison,2,9,12,Lead Engineer,2022-06-09,62601.78,25,2.8
1517,Angela Garcia,5,3,4,Lead Engineer,2019-07-22,144664.92,23,1.47
1518,Jose Hayes,8,6,8,Senior Analyst,2020-10-09,150584.33,6,4.87
1519,Vincent Wise,10,7,10,Lead Engineer,2024-03-22,98214.9,20,2.27
1520,Monica Knight,12,4,1,Associate,2021-08-08,112735.77,22,1.21
1521,Andrew Mosley,4,5,7,Lead Engineer,2018-10-06,160071.69,16,4.95
1522,Michael Fields,4,1,10,Manager,2020-03-20,145420.49,13,4.13
1523,Amy Knight,20,4,6,Manager,2024-01-15,118686.89,6,2.96
1524,Andrew Williams,16,6,1,Associate,2019-02-03,70788.88,4,2.23
1525,David Vaughn,17,5,7,Director,2021-06-24,164459.96,16,3.5
1526,Charles Moore,14,1,1,Executive Assistant,2021-06-10,178335.61,5,1.15
1527,Allison Robinson,13,6,4,Specialist,2025-11-26,76068.67,15,1.7
1528,Jackson Hutchinson,5,6,11,Lead Engineer,2020-08-31,100946.97,17,2.19
1529,Robert Hughes,15,9,8,Lead Engineer,2019-11-23,86757.87,16,2.79
1530,Cody Jacobs,12,6,7,Director,2018-04-07,132013.9,18,4.64
1531,Megan Russell,10,7,2,Executive Assistant,2023-07-21,105448.41,10,3.21
1532,Jennifer Ramirez,11,5,4,Executive Assistant,2019-09-07,178515.12,22,2.47
1533,John Reed,4,2,12,Executive Assistant,2024-07-16,141316.52,17,2.92
1534,Jennifer Austin,4,7,3,Director,2021-12-14,87585.34,6,4.69
1535,Benjamin Gutierrez,1,5,3,Lead Engineer,2020-12-15,174555.07,12,3.18
1536,Robert Bauer,12,3,2,Lead Engineer,2024-01-15,85074.27,16,2.6
1537,Ruth Henry,5,7,4,Lead Engineer,2023-11-06,65364.97,13,4.47
1538,Linda Turner,20,10,8,Manager,2018-07-15,56735.47,8,2.3
1539,Noah Powell,9,2,12,Director,2024-08-03,163391.99,24,1.55
1540,Trevor Foster,7,2,2,Associate,2020-11-24,147106.36,18,1.09
1541,Justin Norman,8,5,1,Manager,2019-10-22,119381.25,12,4.03
1542,Kathryn Davis,19,8,10,Associate,2020-11-18,85643.05,12,3.69
1543,Michael Price,2,8,12,Associate,2019-10-21,118097.31,17,1.98
1544,Ronald Jackson,15,7,4,Manager,2021-02-01,120550.19,11,3.57
1545,Laura Allen,4,1,11,Director,2020-07-20,168095.91,17,1.0
1546,Jamie Collins,9,4,2,Associate,2024-02-26,90510.71,10,3.35
1547,Nicole Mccormick,12,6,1,Manager,2020-07-04,107313.39,5,2.49
1548,Lonnie Duran,20,4,9,Executive Assistant,2023-06-23,120700.45,11,3.43
1549,Julie Baker,4,3,1,Senior Analyst,2018-08-19,143487.57,14,1.76
1550,Heather Miles,15,1,4,Lead Engineer,2018-04-26,105200.76,14,1.83
1551,Rhonda Lyons,15,4,8,Lead Engineer,2020-06-11,108218.96,6,3.34
1552,Ricky Warren,1,7,7,Executive Assistant,2025-05-07,158657.59,22,1.08
1553,Austin Martinez,14,7,7,Specialist,2022-08-30,115188.42,4,4.33
1554,Brittany White,18,1,9,Specialist,2019-02-08,86349.02,4,2.44
1555,Jennifer Torres,7,8,11,Associate,2020-07-20,46300.81,21,2.78
1556,Ashley Brooks,12,9,4,Associate,2022-04-18,60653.38,21,2.64
1557,Kathryn Richardson,7,5,11,Lead Engineer,2024-01-19,123482.05,24,1.46
1558,Sabrina Mcdonald,2,10,9,Director,2024-06-10,100852.91,22,2.09
1559,Mr. Michael Gutierrez,3,9,11,Senior Analyst,2023-01-08,88037.0,10,1.44
1560,Kayla Owens,3,6,7,Specialist,2018-10-08,54215.08,23,1.43
1561,John Lewis,6,5,4,Specialist,2020-03-31,149868.98,10,4.67
1562,Kiara Hawkins,17,6,9,Executive Assistant,2019-03-10,148019.69,17,2.7
1563,Dennis Hill,13,4,4,Manager,2021-04-08,75527.46,21,1.69
1564,Frank Morgan,3,9,3,Manager,2018-06-16,78019.69,6,4.04
1565,George Acevedo,16,2,5,Senior Analyst,2025-05-17,159819.68,15,4.12
1566,Virginia Moore,10,9,9,Executive Assistant,2018-03-13,54379.7,7,1.22
1567,Karen Nixon,1,3,11,Director,2021-05-04,134838.63,19,3.31
1568,Darrell Smith,11,6,12,Specialist,2025-04-10,144005.76,9,4.69
1569,Rhonda Campos,5,2,1,Manager,2023-01-09,103199.95,4,2.66
1570,Sierra Fry,17,8,12,Director,2024-04-09,159773.4,9,4.65
1571,Jeffrey Mueller,16,4,10,Manager,2022-10-11,114218.8,10,3.49
1572,Ryan Gillespie,11,7,9,Specialist,2024-02-03,161108.68,22,3.31
1573,Sabrina Fletcher,17,9,9,Associate,2021-01-12,105993.17,20,3.92
1574,Megan Holland,20,6,12,Associate,2020-11-27,173733.68,8,3.4
1575,Brian Perez,4,9,11,Director,2020-10-15,48258.0,7,1.61
1576,Wanda Petersen,11,9,3,Lead Engineer,2021-02-24,98383.95,9,4.19
1577,Ashley Hernandez,17,1,6,Associate,2020-03-04,134325.27,12,3.92
1578,Shane Holt,3,6,1,Manager,2024-09-19,166210.06,24,1.45
1579,Jacob Martinez,7,3,8,Lead Engineer,2019-12-17,125195.13,18,1.72
1580,Erik Tyler,3,3,6,Manager,2020-04-14,110946.77,17,1.8
1581,Ashley Griffith,8,6,8,Specialist,2018-07-17,154131.43,9,1.73
1582,Matthew Meyer,10,9,8,Executive Assistant,2019-03-07,58806.89,21,1.4
1583,Brittany Melendez,14,2,8,Manager,2023-08-21,85510.13,18,1.88
1584,Heather Walter,16,1,6,Senior Analyst,2023-08-29,73813.73,25,1.05
1585,Jeanette Graves,13,4,7,Senior Analyst,2022-12-25,101795.78,11,4.32
1586,Angela Burns,19,3,4,Specialist,2020-06-09,113266.11,4,1.97
1587,Doris Lee,11,10,1,Associate,2025-08-15,130288.55,10,2.25
1588,Caitlyn Jones,17,8,9,Specialist,2025-08-18,125738.17,11,1.6
1589,Leslie Bradley,5,6,7,Manager,2018-04-24,148875.4,18,1.17
1590,David Stone,16,10,8,Senior Analyst,2021-08-24,86800.93,22,3.04
1591,Sheila Murphy,17,5,2,Associate,2022-06-30,153913.16,10,2.76
1592,Christy Cook,13,10,1,Executive Assistant,2024-12-07,117034.11,22,1.51
1593,Jaclyn Hernandez,6,1,2,Senior Analyst,2021-06-18,104626.95,6,3.56
1594,Wendy Mitchell,20,8,8,Specialist,2018-09-19,175234.75,21,2.3
1595,Sean Mueller,4,1,3,Director,2018-01-27,90009.84,5,1.13
1596,Reginald Newman,17,3,3,Specialist,2018-10-30,130689.73,16,3.49
1597,Teresa Smith,1,4,12,Manager,2024-06-12,164893.97,15,4.84
1598,Erik Farrell,4,10,10,Associate,2023-10-17,56582.86,19,2.37
1599,Anthony Vincent,2,9,7,Director,2022-11-26,92065.19,14,1.73
1600,Jenny Mcgee,1,9,12,Specialist,2018-03-29,107302.93,12,4.99
1601,Kyle Dunlap,14,2,8,Manager,2025-02-26,133313.33,19,1.43
1602,Willie Jones,16,4,5,Lead Engineer,2020-06-15,110584.41,25,2.55
1603,Gina Jones,5,4,10,Lead Engineer,2019-09-12,87533.06,19,3.63
1604,Mitchell Ware,10,10,11,Senior Analyst,2024-04-19,159555.09,24,3.2
1605,Denise Smith,9,1,6,Manager,2018-11-04,132003.99,13,4.68
1606,Jeffrey Kelley,10,4,5,Lead Engineer,2024-12-01,174361.69,21,4.19
1607,David Stuart,14,3,9,Executive Assistant,2023-01-01,172763.93,18,2.88
1608,Clayton Harrison,10,2,9,Lead Engineer,2018-03-14,160835.81,5,4.81
1609,Glenn Smith,14,7,2,Executive Assistant,2020-06-22,103878.02,23,3.91
1610,Zachary Rasmussen,14,5,4,Executive Assistant,2020-08-15,170319.24,1,4.7
1611,Matthew Daniels,12,5,3,Senior Analyst,2025-11-07,74392.84,7,2.51
1612,Cody Walton,15,6,4,Director,2025-02-23,125612.07,4,2.37
1613,Timothy Murray,8,7,12,Lead Engineer,2022-06-10,68451.83,21,3.35
1614,Kimberly Mason,16,8,4,Manager,2025-01-19,155333.47,12,1.74
1615,Mary Howell,3,7,9,Lead Engineer,2018-11-18,154534.66,22,2.01
1616,Jennifer Fitzgerald,5,8,8,Specialist,2025-07-07,152099.26,13,1.91
1617,Andrew Johnson,11,5,7,Director,2025-08-16,80533.74,9,4.93
1618,Nicole Morris,7,3,4,Lead Engineer,2023-12-09,111021.49,20,4.09
1619,Richard Gibson,9,6,8,Associate,2025-07-15,123754.71,19,1.53
1620,Robert Lynch,5,7,2,Associate,2018-03-04,80283.28,22,3.12
1621,Patrick Martin,12,2,12,Lead Engineer,2018-07-15,127598.79,2,1.92
1622,Scott Maxwell,14,6,5,Lead Engineer,2018-03-04,178493.82,3,2.95
1623,Carol Walker,16,1,1,Lead Engineer,2021-10-05,82917.42,21,2.67
1624,Kelly Thomas,6,5,11,Executive Assistant,2022-11-08,76676.71,6,3.74
1625,Jody Medina,16,9,8,Lead Engineer,2021-04-14,133939.23,24,3.29
1626,Adam Garcia,19,2,3,Director,2023-10-21,63060.5,19,3.33
1627,James Shaw,8,4,7,Manager,2018-10-20,88114.54,15,4.33
1628,Bobby Huynh,20,8,9,Director,2021-04-01,170072.12,14,4.66
1629,Kyle Peterson,11,1,1,Executive Assistant,2024-01-08,128573.09,18,1.53
1630,Colleen Ray,13,2,3,Specialist,2024-03-03,62055.21,12,2.31
1631,Catherine Olson,3,3,2,Lead Engineer,2018-06-07,162587.84,19,4.44
1632,Jeffrey Smith,19,1,11,Executive Assistant,2022-08-14,99959.99,8,2.8
1633,Jeffrey Ferguson,20,8,6,Associate,2020-01-21,95180.77,13,3.47
1634,Laura Mendez,15,8,1,Specialist,2021-09-21,77483.64,6,1.22
1635,Luis Thomas,5,1,12,Director,2022-01-21,57752.86,18,4.02
1636,Victor Wallace,12,4,5,Associate,2021-06-13,120312.75,19,4.21
1637,Seth Cross,16,10,8,Specialist,2024-10-07,139909.62,14,1.03
1638,Michael Phillips,6,6,7,Manager,2020-01-08,47874.63,25,2.62
1639,Andrea Barker,6,1,2,Manager,2025-07-13,80891.1,25,2.57
1640,Rhonda Anderson,7,8,10,Executive Assistant,2025-01-11,123512.78,25,3.69
1641,Cassandra Doyle,12,1,6,Executive Assistant,2025-04-17,170536.01,10,1.4
1642,Kenneth Jackson,4,7,9,Associate,2019-03-28,56817.33,8,1.78
1643,Kristin Castro,18,9,1,Manager,2022-05-09,81413.32,2,2.13
1644,Alex Williams,13,5,9,Senior Analyst,2025-12-08,67717.7,6,2.79
1645,Alexandra Turner,5,4,8,Director,2024-12-31,116046.57,2,1.48
1646,Paul Villegas,19,8,9,Specialist,2023-09-13,98503.35,11,3.01
1647,Elizabeth Barron,17,8,12,Senior Analyst,2019-01-16,55138.57,1,2.48
1648,Sarah Clayton,16,4,8,Executive Assistant,2024-06-06,174961.75,23,4.45
1649,Kayla Thomas,2,10,1,Associate,2023-05-31,123113.02,4,4.16
1650,Mrs. Audrey Howell,18,1,9,Lead Engineer,2020-03-19,165309.63,19,1.89
1651,Angel Stewart,1,5,7,Associate,2021-02-21,133591.17,17,2.85
1652,Kimberly Hunt,8,7,5,Director,2019-11-18,85358.19,18,3.48
1653,Sandra Martinez,15,1,7,Director,2019-08-30,165420.79,11,1.87
1654,Mitchell Fisher,17,4,5,Lead Engineer,2022-10-05,107193.54,18,1.87
1655,Janet Phillips,2,1,6,Lead Engineer,2023-06-02,173105.07,10,1.01
1656,Kara Booth,6,10,8,Lead Engineer,2018-02-26,62076.36,15,3.86
1657,Jason Henderson,19,10,1,Manager,2020-02-11,143149.94,6,3.32
1658,Theresa Carter,15,7,2,Director,2024-07-08,145402.38,10,4.4
1659,Lawrence Ramirez,8,5,6,Manager,2025-10-21,72300.7,9,1.75
1660,Michael Allen,11,8,12,Specialist,2025-04-18,102193.88,6,3.94
1661,Denise Henderson,1,8,9,Lead Engineer,2022-05-09,60096.17,6,3.18
1662,Caleb Fry,16,6,8,Director,2023-02-23,125550.78,4,4.28
1663,Sue Smith,14,7,1,Associate,2018-02-03,90169.84,2,3.46
1664,Jennifer King,14,5,12,Director,2022-05-24,102077.57,24,3.95
1665,James Mckinney,14,9,7,Associate,2025-03-18,161683.68,18,2.74
1666,Robin Gomez,7,9,2,Specialist,2025-10-19,109401.66,8,3.58
1667,Mrs. Lisa Choi DVM,4,4,9,Director,2022-12-24,49990.27,16,3.43
1668,Travis Baker,9,5,4,Executive Assistant,2018-05-07,109168.92,14,1.61
1669,David Sanchez,20,9,10,Director,2021-05-29,105747.99,6,1.67
1670,Taylor Bond,13,6,1,Lead Engineer,2023-05-19,81986.58,17,4.94
1671,Lori Williams,11,9,7,Specialist,2022-03-11,141854.18,13,1.58
1672,David Freeman,3,3,2,Senior Analyst,2020-02-24,166143.05,2,2.03
1673,Jon Dean,9,5,6,Associate,2024-10-11,92622.79,3,2.25
1674,Jennifer Ray,1,9,11,Senior Analyst,2024-05-03,151557.3,18,4.93
1675,Jennifer Bradley,7,8,3,Senior Analyst,2023-04-26,119977.03,4,1.31
1676,Louis Jones,9,10,4,Associate,2018-12-09,165265.3,1,1.69
1677,Danielle Mills,3,5,8,Director,2019-12-18,74365.79,10,1.32
1678,William Ferguson,2,9,3,Director,2022-02-22,135192.66,6,4.1
1679,Jacqueline Baird,18,1,6,Associate,2021-01-13,176403.9,24,1.5
1680,Christopher Johnson,1,7,3,Associate,2023-01-18,136949.67,5,1.45
1681,Jeremy Phillips,18,2,1,Manager,2022-07-22,129703.35,8,3.66
1682,Karen West,7,3,9,Lead Engineer,2019-01-01,111549.89,11,1.86
1683,Destiny Johnson,17,10,7,Specialist,2023-07-30,123729.2,11,4.26
1684,Jacob Gonzalez,15,2,11,Lead Engineer,2025-05-02,92735.42,18,4.37
1685,Juan Anderson,19,4,6,Director,2021-01-19,154756.44,18,1.0
1686,Michael Ellis,17,2,11,Manager,2018-04-05,147721.08,5,2.33
1687,Mary Olson,12,4,3,Associate,2019-10-18,82466.66,25,3.52
1688,Amanda Arnold,15,3,6,Director,2020-08-02,125928.33,25,1.54
1689,Amanda Singh,20,9,8,Manager,2019-03-08,57060.89,17,2.23
1690,Brandi Griffin,10,9,3,Manager,2020-06-12,154519.85,19,3.55
1691,Hayley Flores,8,1,5,Senior Analyst,2021-02-21,91380.35,5,3.8
1692,John Mccall,7,6,7,Associate,2018-05-06,70964.71,13,2.86
1693,Austin Malone,18,3,11,Executive Assistant,2024-10-06,164278.06,20,2.87
1694,Brenda Gomez,17,9,4,Executive Assistant,2025-06-29,90628.14,24,2.51
1695,Kara Fox,10,1,12,Executive Assistant,2023-03-01,163449.98,3,2.84
1696,Jason Stokes,6,6,2,Senior Analyst,2024-12-03,102082.72,20,3.72
1697,Daniel Cooper,3,4,6,Lead Engineer,2020-08-26,163928.02,2,2.12
1698,Meghan Armstrong,16,5,1,Specialist,2025-09-06,73797.62,17,3.67
1699,Tracy Rogers,3,2,4,Lead Engineer,2024-07-12,66462.72,10,3.9
1700,Dawn Novak,4,2,10,Associate,2024-10-11,121976.66,20,1.72
1701,Shannon Myers,4,8,6,Associate,2023-09-21,122483.16,21,2.21
1702,Lisa Smith,1,6,2,Lead Engineer,2023-05-02,139109.32,14,4.94
1703,Kyle Chandler,18,5,2,Director,2022-10-13,67214.92,14,1.87
1704,Jason Johnson,12,7,2,Lead Engineer,2018-07-04,113641.44,14,1.36
1705,Jacob Elliott,17,10,2,Director,2023-05-10,127212.46,5,4.21
1706,Amy Schultz,1,10,2,Associate,2021-07-08,156838.04,25,3.72
1707,Jeffrey Nichols,10,5,1,Executive Assistant,2020-08-29,152351.27,6,1.35
1708,Mary White,20,5,7,Director,2024-12-02,139448.72,13,3.49
1709,Kimberly Stewart,13,2,2,Lead Engineer,2019-03-10,91405.08,9,4.16
1710,Keith Walter,17,1,5,Manager,2019-09-12,72179.61,12,4.51
1711,Steven Mahoney,9,5,12,Senior Analyst,2022-06-26,169484.19,6,1.29
1712,Richard Harris,4,5,12,Senior Analyst,2020-06-27,67988.16,7,4.25
1713,Eric Daniels,16,4,6,Senior Analyst,2022-10-17,163672.4,9,1.26
1714,Jennifer Bryant,3,6,4,Manager,2024-07-08,134894.79,22,4.62
1715,Kelly Velasquez,18,4,1,Executive Assistant,2022-03-16,48014.85,4,4.32
1716,Rachel Johnson,12,8,10,Executive Assistant,2022-01-04,171678.23,1,4.19
1717,Matthew Barrera,17,7,2,Lead Engineer,2023-06-25,120731.58,9,4.0
1718,Hunter Gonzalez,8,7,7,Manager,2024-05-12,160439.7,21,1.48
1719,Ryan Wilson,7,1,12,Associate,2018-09-29,102096.88,4,2.81
1720,James Salazar,5,4,10,Manager,2023-11-08,81920.39,18,3.6
1721,Lindsey Jimenez,2,2,6,Lead Engineer,2023-12-09,112133.38,19,3.75
1722,Mr. Larry Hayes III,9,2,8,Director,2020-10-25,122805.34,25,4.27
1723,Sharon Gonzales,14,6,5,Manager,2019-10-06,105645.55,13,1.27
1724,Cindy Harper,10,5,10,Senior Analyst,2019-06-02,75881.53,1,1.77
1725,Jeffrey Simmons,6,4,3,Lead Engineer,2024-04-17,171898.59,3,2.76
1726,Melanie Miller,4,8,6,Senior Analyst,2018-04-23,83190.85,2,2.84
1727,Adrienne Payne,3,9,3,Director,2025-11-09,103354.49,25,4.94
1728,Darryl Phillips,12,5,10,Manager,2023-07-01,51680.41,12,3.76
1729,Hannah Howard,19,2,3,Lead Engineer,2021-01-22,65353.47,12,1.08
1730,Kyle Johnson,10,5,7,Manager,2024-07-18,89915.19,10,1.55
1731,Melissa Burgess,14,3,6,Specialist,2025-11-13,53132.26,18,4.59
1732,Ashley Watson,11,8,8,Specialist,2020-08-30,69181.11,17,3.28
1733,Leah Thomas,16,3,2,Executive Assistant,2024-02-03,67092.28,12,3.16
1734,Frances Thomas,1,3,2,Senior Analyst,2019-08-18,127692.13,19,4.66
1735,Sara Buck,20,1,1,Associate,2024-05-08,155192.46,15,3.74
1736,Sergio Hawkins,11,3,1,Senior Analyst,2023-01-01,84909.97,24,2.79
1737,Charles Callahan,12,6,12,Manager,2023-05-27,134996.28,16,3.57
1738,James Obrien,8,1,4,Manager,2018-11-15,60848.45,18,3.84
1739,Mrs. Maria Edwards,2,4,8,Director,2021-03-10,58610.92,17,2.78
1740,Victoria Bruce,4,10,10,Executive Assistant,2022-10-01,153465.64,13,2.65
1741,Aaron Potts Jr.,13,7,8,Executive Assistant,2024-08-19,127382.88,22,1.48
1742,Frank Pineda,7,9,1,Executive Assistant,2022-10-03,172327.57,3,1.34
1743,Rebecca Savage,17,2,5,Manager,2021-06-17,127678.01,13,3.57
1744,Jonathan Jensen,8,8,9,Senior Analyst,2018-04-02,146113.43,12,3.73
1745,Kristin Cooper,1,9,4,Executive Assistant,2019-06-24,123430.82,16,4.38
1746,Nicholas Allen,8,3,8,Director,2018-01-30,160364.88,5,3.08
1747,Carol Johnson,12,5,10,Director,2025-08-29,127629.29,25,2.77
1748,Maurice Frazier,2,7,5,Associate,2021-06-24,55558.41,21,4.19
1749,Mallory Roy,1,5,8,Lead Engineer,2020-02-07,176939.81,16,4.96
1750,Rhonda Davis,14,7,7,Senior Analyst,2022-10-08,90591.66,8,1.95
1751,Felicia Mcdowell,19,4,1,Senior Analyst,2019-08-25,161005.06,23,4.85
1752,Julia Ellis MD,7,6,6,Senior Analyst,2025-02-26,89277.99,15,2.38
1753,Edward Morgan,1,10,4,Director,2024-05-08,128406.16,5,2.53
1754,Anthony Clark,20,5,1,Specialist,2021-04-15,154972.79,25,3.99
1755,Miguel Wilson,18,2,3,Associate,2021-02-04,131739.29,3,4.76
1756,Michael Wagner,8,4,9,Senior Analyst,2025-12-29,54538.61,3,1.17
1757,Rachel Anthony,4,6,12,Director,2018-12-18,61416.35,7,4.48
1758,Steven Hawkins,2,1,1,Manager,2021-07-27,113218.46,16,2.53
1759,Tara Wells,5,6,1,Lead Engineer,2022-11-07,116549.51,1,2.29
1760,Aaron Kim,4,3,1,Executive Assistant,2020-11-29,116725.63,18,1.44
1761,Matthew Bentley,1,8,8,Director,2024-07-25,51880.61,17,2.43
1762,Christopher Flynn,12,6,12,Associate,2020-01-20,134104.31,17,1.18
1763,Ruth Brown,3,9,7,Senior Analyst,2019-08-23,68337.03,5,3.36
1764,Lori Salazar,10,7,8,Director,2023-05-23,99651.15,17,2.86
1765,Jared Garcia,10,10,7,Executive Assistant,2021-03-22,137182.15,22,1.28
1766,Stephanie Rosales,12,5,1,Executive Assistant,2019-11-27,160805.19,16,1.5
1767,Bryan Robinson,7,8,5,Specialist,2023-07-28,91770.22,25,4.53
1768,Duane Olsen,3,3,1,Lead Engineer,2025-08-16,114587.28,1,3.58
1769,Margaret Bell,7,5,9,Lead Engineer,2018-12-17,75883.34,24,4.98
1770,Nicole Salazar,7,9,11,Lead Engineer,2024-03-16,127241.94,7,1.32
1771,Jane Porter,16,2,4,Director,2024-04-12,148939.55,25,2.16
1772,Vicki Martinez,17,2,1,Lead Engineer,2023-07-28,99097.77,10,4.88
1773,John Mccall,6,4,9,Lead Engineer,2025-07-14,80884.68,14,1.02
1774,Elizabeth Fuentes,19,2,3,Director,2023-03-27,54667.15,14,1.19
1775,Jennifer Johnson,2,4,1,Associate,2021-12-02,143392.07,17,4.07
1776,Ronald Lang,16,5,4,Lead Engineer,2022-04-02,152375.96,4,3.06
1777,Tara Smith,16,1,7,Director,2020-01-09,154987.4,5,2.46
1778,Amy Murphy,9,9,2,Associate,2021-04-24,120546.76,1,1.16
1779,Wayne Hill,6,10,9,Manager,2023-03-18,93403.89,21,3.06
1780,Brian Smith,6,10,10,Specialist,2020-06-05,49136.83,9,1.5
1781,Kevin Keller,10,6,7,Senior Analyst,2022-06-10,140401.42,24,5.0
1782,Rachael Pierce,17,2,9,Lead Engineer,2022-01-14,69514.71,13,1.56
1783,Steven Dudley,10,4,11,Associate,2024-06-30,159166.35,9,2.38
1784,Julie Carter,8,5,5,Director,2018-03-08,142076.9,3,4.82
1785,Elizabeth Vargas,6,8,9,Specialist,2019-03-15,89617.01,16,2.39
1786,Kristen Beck,8,9,6,Specialist,2023-08-17,60411.23,19,3.92
1787,Charles Hamilton,5,9,1,Specialist,2023-12-15,175489.16,4,4.95
1788,Daniel Bowers,14,1,1,Senior Analyst,2022-11-22,172790.06,15,4.68
1789,Brandon Bowen,14,5,10,Lead Engineer,2024-10-27,165995.33,21,3.31
1790,Sarah Baker,1,4,6,Manager,2023-07-24,93167.45,19,2.76
1791,Christina Ibarra,17,5,9,Lead Engineer,2025-10-04,49103.95,23,3.68
1792,Chad Ward,3,7,3,Manager,2024-03-20,94294.75,24,4.25
1793,David Ewing,19,8,6,Specialist,2022-02-12,49053.7,23,1.8
1794,Harold Bryant,5,5,3,Senior Analyst,2021-03-29,121112.81,3,1.06
1795,Monica Walters,19,10,12,Senior Analyst,2018-02-23,108601.03,22,3.09
1796,William Velasquez,16,2,1,Executive Assistant,2020-05-15,134874.91,17,3.89
1797,Carrie Brown,14,1,12,Director,2024-03-27,163334.67,22,2.2
1798,Donald Preston,13,7,8,Senior Analyst,2025-02-17,57503.23,17,3.15
1799,George Chan,20,2,3,Director,2021-05-22,145969.04,6,4.24
1800,Mrs. Mary Perez,1,5,6,Senior Analyst,2022-01-17,79067.21,7,4.93
1801,Megan Kramer,10,5,5,Manager,2018-07-28,171820.56,2,4.5
1802,Sean Erickson,13,6,7,Associate,2019-04-17,105347.78,8,1.98
1803,Nicole Bailey,19,1,7,Specialist,2021-07-05,47875.0,13,1.48
1804,Alan Santos,8,9,1,Executive Assistant,2021-06-11,97849.61,3,4.22
1805,Danny Fisher,17,5,8,Manager,2019-05-11,48129.85,2,4.39
1806,Robert Vaughn,10,3,4,Lead Engineer,2020-06-23,46390.14,25,4.97
1807,Paul West,15,5,12,Senior Analyst,2018-06-02,153078.78,16,2.37
1808,Stacey Jones,8,2,8,Manager,2024-04-16,107713.92,3,2.39
1809,Andre Davis,15,2,5,Executive Assistant,2022-06-10,114913.0,16,4.82
1810,John Johnson,10,3,8,Manager,2019-05-22,131115.51,11,2.29
1811,Jonathan Powell,2,9,7,Lead Engineer,2025-09-02,87535.27,16,3.99
1812,Lisa Burgess,12,4,11,Specialist,2022-08-07,124031.19,25,1.6
1813,Cameron Jones,9,10,4,Lead Engineer,2023-12-11,75140.56,13,2.53
1814,Nathan Ward,16,5,2,Executive Assistant,2021-05-25,178070.32,20,3.65
1815,Brittney Bishop,5,5,7,Associate,2021-07-21,149084.48,3,1.56
1816,Malik Gilmore,5,4,11,Senior Analyst,2021-12-06,102171.13,14,1.71
1817,Donald Marshall DDS,3,8,10,Manager,2022-10-15,161916.36,17,1.2
1818,Richard Moore,4,10,12,Lead Engineer,2021-11-09,74018.29,8,2.34
1819,Nicole Brown,3,7,9,Specialist,2024-04-27,111620.03,5,2.83
1820,Collin Johnson,9,9,3,Manager,2021-12-03,116004.01,17,1.93
1821,Tyler Fleming,10,4,2,Director,2024-12-19,115402.71,5,1.05
1822,Ralph Jones,13,2,11,Executive Assistant,2021-12-19,139580.27,13,3.22
1823,Diane Brown,4,2,4,Director,2021-01-02,171852.89,23,2.85
1824,Lori Meyer,4,8,11,Specialist,2019-09-14,71194.54,7,2.24
1825,Mike Frank,20,6,1,Senior Analyst,2023-09-30,130495.29,12,4.92
1826,Donna Nixon,15,7,9,Associate,2025-10-07,129631.11,1,1.41
1827,Brent Woods,18,5,6,Senior Analyst,2021-07-27,60384.02,14,1.42
1828,Christopher Smith,6,4,3,Director,2018-10-13,117720.8,16,3.22
1829,Elizabeth Jackson,13,3,3,Manager,2021-05-03,103249.58,10,1.25
1830,Katelyn Koch,3,7,5,Senior Analyst,2021-03-04,67186.71,14,4.37
1831,Maurice Murillo,3,8,2,Manager,2019-12-23,47933.6,7,1.19
1832,Benjamin Mora,1,8,10,Director,2018-12-20,75569.06,11,3.24
1833,Manuel Lindsey,18,10,9,Senior Analyst,2019-03-17,70379.61,7,2.18
1834,Dana Peters,18,8,6,Manager,2022-06-05,162895.54,7,2.39
1835,Paula Scott,16,2,5,Manager,2020-10-03,61173.77,8,1.46
1836,Brittany Bond,1,8,4,Manager,2022-09-16,81804.47,25,1.4
1837,Mark Glass,10,7,10,Executive Assistant,2022-04-04,62790.69,20,3.43
1838,Barry Krause,9,5,12,Lead Engineer,2021-07-31,46957.79,13,3.53
1839,Todd Phillips,9,2,3,Senior Analyst,2018-09-21,156516.11,9,4.6
1840,Katherine Crawford,18,7,5,Manager,2025-01-30,127220.53,19,2.04
1841,John Taylor,11,2,8,Associate,2018-01-28,74883.28,2,2.16
1842,Ariana Wade,14,4,5,Associate,2025-08-31,166253.48,15,1.81
1843,April Barton,18,8,5,Senior Analyst,2024-09-05,165401.34,4,2.92
1844,Benjamin Jones,12,1,1,Executive Assistant,2020-08-15,91979.92,14,4.59
1845,Miguel Bennett,19,7,7,Lead Engineer,2019-01-31,161550.41,5,3.54
1846,Nathaniel Rogers MD,10,10,9,Manager,2022-09-02,98707.36,7,3.45
1847,Kristy Baldwin,16,10,7,Lead Engineer,2022-07-13,82678.59,12,2.62
1848,Richard James,10,2,3,Manager,2018-10-26,66786.31,8,4.76
1849,Steve Aguilar,19,10,8,Manager,2024-06-14,151151.64,18,3.87
1850,Teresa Rhodes,17,8,1,Senior Analyst,2020-02-26,84685.73,10,3.1
1851,Sally Jackson,7,8,2,Manager,2023-08-30,148706.18,13,4.95
1852,Angela Aguirre,20,6,10,Associate,2020-11-08,56562.0,24,1.51
1853,Jessica Gray,15,4,1,Specialist,2018-06-13,73749.37,13,1.3
1854,Robert Crosby,4,5,8,Specialist,2023-01-02,140448.25,10,4.74
1855,Lisa Parks,11,10,6,Associate,2022-07-30,178661.52,20,2.03
1856,Kevin Park,17,5,12,Manager,2024-12-24,115945.1,1,4.36
1857,Jeffrey Walker,1,1,2,Senior Analyst,2018-01-30,60139.51,13,1.22
1858,Sheryl Buckley,7,5,5,Lead Engineer,2022-11-27,144839.4,4,3.78
1859,Peter Weaver,5,2,2,Associate,2021-12-10,153099.74,13,4.4
1860,Bruce Thompson,14,9,4,Specialist,2024-05-12,169497.65,11,3.42
1861,Ruth Blackburn,20,2,6,Specialist,2025-10-15,143933.97,14,1.05
1862,Brian Lee,7,7,1,Director,2022-06-07,106906.81,16,1.9
1863,Ana Moore,10,9,3,Lead Engineer,2019-12-22,68058.02,4,3.51
1864,Debbie Sharp,13,8,1,Associate,2020-02-24,91881.45,21,4.12
1865,Andrew Yu,10,5,1,Executive Assistant,2023-03-22,116863.93,18,2.42
1866,Kayla Sullivan,15,8,11,Lead Engineer,2019-03-16,120482.19,24,2.62
1867,Kelly Williams,11,4,2,Director,2025-08-09,62628.69,9,1.11
1868,Joseph Clark,15,4,11,Associate,2024-12-07,99439.07,2,2.62
1869,Claire Waller,12,10,8,Senior Analyst,2019-06-16,119048.58,17,3.02
1870,Zachary Long,11,10,8,Senior Analyst,2023-03-14,119532.21,17,1.83
1871,Cheryl Carter,12,5,9,Senior Analyst,2022-06-19,105060.27,6,1.26
1872,Sheena Smith,12,3,8,Director,2025-10-14,48309.08,8,4.12
1873,Sheryl Martin,18,1,1,Manager,2020-05-13,138243.72,22,1.62
1874,Tyler Yang,5,6,12,Senior Analyst,2022-12-12,150871.06,7,1.15
1875,Sara Higgins,12,5,6,Lead Engineer,2023-05-14,107653.77,21,4.06
1876,Katie Hawkins,19,5,11,Senior Analyst,2023-04-23,177687.04,10,1.52
1877,Victoria Parker,11,9,9,Director,2019-09-04,148579.32,25,1.54
1878,Andrew Hayes,11,5,1,Executive Assistant,2018-05-29,152219.66,14,1.2
1879,Melanie Rogers,10,10,3,Associate,2025-04-27,60691.08,18,4.56
1880,James Rice,18,1,7,Executive Assistant,2020-03-08,165396.27,7,4.42
1881,Scott White,10,9,4,Manager,2020-11-06,169892.77,6,4.62
1882,Debra Larsen,14,1,9,Senior Analyst,2021-12-16,105774.54,23,2.67
1883,Kristin Rodriguez,18,2,4,Associate,2019-04-21,58468.76,25,1.1
1884,Jessica Garcia,20,4,1,Director,2018-08-08,110594.05,20,4.57
1885,Holly Thompson,12,8,1,Manager,2022-07-05,62218.27,16,1.01
1886,Jasmine Matthews,17,2,8,Executive Assistant,2020-01-02,122297.98,9,1.28
1887,Scott Thomas,20,3,1,Specialist,2018-04-09,87961.01,10,3.96
1888,Bianca Tran,15,1,2,Associate,2018-06-06,156065.54,2,4.19
1889,Joshua Turner,6,9,12,Senior Analyst,2025-08-08,91908.25,15,1.37
1890,Kevin Bishop,1,2,8,Specialist,2023-12-19,109592.99,5,1.63
1891,Michael Robinson,15,3,9,Specialist,2018-09-25,169614.35,18,3.86
1892,Cassie Butler,16,4,6,Lead Engineer,2025-04-15,60800.75,19,3.48
1893,Joseph Jones,16,5,8,Senior Analyst,2023-07-02,110984.99,4,2.22
1894,Sharon Wilson,5,1,11,Executive Assistant,2024-06-24,67455.26,16,1.93
1895,Joshua Harris,6,4,12,Lead Engineer,2021-06-23,125944.51,5,1.98
1896,Amy Klein,10,7,11,Senior Analyst,2025-05-26,143171.28,1,4.19
1897,Cynthia Martin,18,4,9,Lead Engineer,2020-05-16,97098.98,9,3.98
1898,Matthew Smith,20,1,1,Specialist,2023-10-06,172986.14,23,4.86
1899,Michael Cooper,13,5,8,Specialist,2019-07-17,158920.17,1,4.63
1900,Jennifer Boyd,12,6,4,Associate,2018-04-18,77499.63,6,2.04
1901,David Stokes,6,5,3,Executive Assistant,2020-03-07,168002.52,11,3.15
1902,Faith Shaffer,15,6,10,Director,2023-02-28,154978.19,12,2.44
1903,Nancy Salazar,17,4,4,Specialist,2021-07-06,45183.29,17,4.5
1904,Kristin Baldwin,16,4,2,Associate,2019-07-06,61172.33,9,3.38
1905,Karen Sanchez,10,3,5,Specialist,2023-11-22,164408.03,10,1.96
1906,Linda Martinez,1,8,8,Lead Engineer,2019-02-22,52120.3,23,2.78
1907,Sarah Johnson,12,6,10,Executive Assistant,2023-06-05,128135.43,8,4.83
1908,Edward Krueger,7,9,6,Lead Engineer,2024-02-28,124612.73,22,4.89
1909,Ryan Chavez,2,9,7,Manager,2024-02-01,57447.9,23,2.29
1910,Ryan Reilly,14,5,6,Senior Analyst,2018-09-09,48822.64,7,2.36
1911,Angela Bennett,1,9,8,Executive Assistant,2019-11-21,128403.38,21,3.89
1912,Amanda Novak,17,6,11,Lead Engineer,2019-10-10,51849.15,3,1.47
1913,Rachael Marquez,20,1,10,Executive Assistant,2021-07-30,121439.65,8,3.45
1914,Daniel Fletcher,5,5,7,Senior Analyst,2021-01-14,80849.22,2,4.35
1915,Larry Odonnell,2,7,1,Specialist,2024-02-09,86022.21,7,4.62
1916,Michelle Clarke,7,3,6,Senior Analyst,2020-09-15,165137.95,18,1.01
1917,Shannon Moore,9,10,9,Senior Analyst,2021-02-02,71183.39,7,2.15
1918,Sarah Wise,6,8,8,Director,2025-07-12,178336.1,16,1.21
1919,Barry Smith,16,7,8,Director,2020-06-07,129590.73,6,4.98
1920,Lindsay Cherry,14,9,5,Specialist,2018-08-13,112150.98,9,4.95
1921,Nicole Maddox,15,1,4,Associate,2024-12-10,146864.93,18,4.46
1922,Paul Schwartz,9,3,3,Associate,2021-01-11,172781.38,10,1.13
1923,Jennifer Rodriguez,7,2,4,Associate,2018-03-21,93719.1,24,3.08
1924,Steven Adams,17,10,10,Specialist,2021-10-19,46400.5,21,2.77
1925,Christina Haynes,8,4,8,Director,2018-06-12,103271.02,16,2.06
1926,Robert Wilson,15,7,8,Senior Analyst,2023-09-20,107782.06,12,1.48
1927,Kristen Christensen,15,2,11,Specialist,2025-06-03,155103.31,2,3.57
1928,Monica Mcdonald,20,6,3,Associate,2019-08-25,103302.46,20,1.12
1929,John Harmon,6,5,5,Specialist,2025-04-15,98667.38,23,4.02
1930,Jessica Black,10,7,6,Lead Engineer,2020-01-09,156327.42,4,1.7
1931,Sharon Newton,3,9,2,Lead Engineer,2020-12-12,148032.46,18,2.34
1932,Rachel Wilkerson,15,4,3,Associate,2021-01-21,143015.65,16,3.23
1933,Miguel Smith,19,2,11,Director,2020-05-15,76551.35,13,4.41
1934,Stacy Nicholson,12,3,7,Executive Assistant,2022-08-31,120268.53,23,1.9
1935,Erica Rodriguez,15,5,8,Senior Analyst,2025-05-11,55871.25,25,1.97
1936,Angela Wright,4,7,6,Senior Analyst,2025-08-15,111909.2,21,3.25
1937,Kelsey Lozano,2,9,8,Director,2018-09-04,94916.62,21,3.84
1938,Ricardo Walton,5,7,5,Associate,2024-04-18,178928.52,14,1.16
1939,Lori Davis,2,2,6,Lead Engineer,2022-10-03,66118.79,9,4.64
1940,Jim Peterson,11,2,5,Specialist,2020-01-17,112514.57,19,3.02
1941,Nancy Clements,1,3,12,Senior Analyst,2025-03-22,83598.26,18,3.42
1942,Timothy Villarreal,11,2,6,Manager,2020-01-03,79047.96,6,3.23
1943,Alexis Kane,14,1,3,Manager,2020-07-04,111869.72,14,4.98
1944,Felicia Larson,1,3,2,Specialist,2020-05-25,72318.22,4,4.72
1945,Rebecca Lin,9,6,8,Senior Analyst,2023-11-19,164204.84,13,1.15
1946,Anthony Ferguson,10,1,9,Manager,2019-07-30,125147.61,14,5.0
1947,Paul Austin,19,6,9,Director,2018-06-05,157029.27,11,2.53
1948,Tammy Garcia,11,7,7,Senior Analyst,2019-09-27,114317.83,18,1.11
1949,Christina Nunez,1,5,1,Specialist,2019-04-30,139264.42,24,2.63
1950,Walter Fields,10,6,4,Specialist,2020-08-06,149334.55,17,4.62
1951,Tim Perry,3,3,7,Senior Analyst,2022-02-20,120133.13,18,2.8
1952,Cristian Roach,8,7,3,Senior Analyst,2025-02-15,124224.09,15,2.76
1953,Nancy Gonzalez,13,8,12,Specialist,2024-02-19,154892.84,20,1.48
1954,Jessica Adams,20,3,12,Director,2022-05-22,146788.66,6,4.74
1955,David Peterson,20,10,7,Manager,2019-07-18,72985.25,16,4.01
1956,Michael Brown,5,2,11,Manager,2022-03-11,96802.72,10,1.72
1957,Jerry Schmidt,4,9,2,Manager,2019-07-03,80519.75,16,1.96
1958,Jacqueline Johnson,17,5,9,Senior Analyst,2024-06-19,162145.31,21,1.67
1959,Christopher Lloyd,20,4,11,Senior Analyst,2024-03-03,54832.36,3,2.17
1960,Amanda Roberts,2,7,5,Specialist,2020-09-10,114769.3,17,3.83
1961,Heather Davis,14,2,5,Associate,2020-04-19,81478.73,1,4.86
1962,Thomas Santiago,19,8,11,Associate,2019-05-04,104661.44,15,3.03
1963,Gregory Ward,5,3,1,Manager,2018-08-01,54651.72,15,4.86
1964,Brandy Taylor,6,10,5,Associate,2025-05-27,70083.25,14,1.33
1965,Michael Leonard,14,7,10,Director,2020-11-28,79004.22,23,4.31
1966,David Ramirez,3,6,7,Associate,2023-03-23,81940.43,23,3.87
1967,Deborah Durham,7,8,5,Lead Engineer,2025-05-10,73834.59,6,2.43
1968,John Hall,20,6,2,Specialist,2019-06-07,143526.55,21,2.78
1969,William Ortiz,6,8,11,Associate,2022-02-18,74354.69,13,4.35
1970,Donna Dillon,18,6,12,Specialist,2022-08-02,152302.79,24,4.66
1971,Megan Strickland,7,5,5,Associate,2018-10-18,98992.56,13,1.43
1972,Lisa Morales,6,1,7,Manager,2021-11-13,121787.96,25,4.44
1973,Steven Short,16,5,9,Director,2024-05-01,144112.57,20,2.93
1974,Charles Burton,2,3,11,Director,2019-04-22,107934.37,6,1.31
1975,Sarah Flores,11,7,1,Executive Assistant,2019-01-15,128718.29,15,3.76
1976,Cassie Jackson,3,1,9,Executive Assistant,2020-05-27,85901.01,12,4.78
1977,Ryan Bruce,18,10,1,Associate,2020-10-24,51191.51,10,3.86
1978,Patrick Holland,1,7,8,Lead Engineer,2020-12-05,93788.22,13,3.1
1979,Ashley Mullins,16,4,7,Associate,2022-01-10,138435.49,2,4.14
1980,Sarah Jordan,11,10,2,Associate,2024-04-25,114954.73,8,3.89
1981,Scott Fitzgerald,8,9,4,Senior Analyst,2020-01-25,79003.41,25,4.19
1982,Patrick Garcia,7,8,7,Specialist,2022-08-05,176547.09,22,1.53
1983,Emily Torres,16,7,7,Associate,2023-06-01,137198.68,13,4.76
1984,Jake Maxwell,16,8,10,Senior Analyst,2019-01-09,166146.16,1,1.57
1985,Mrs. Amber Shields,12,4,3,Associate,2018-11-02,120027.46,7,3.57
1986,Natasha Howell,10,5,11,Manager,2023-08-30,58799.82,15,1.08
1987,Nicholas Horn,1,6,2,Director,2023-02-06,108586.41,20,3.51
1988,Erica Thomas,3,9,3,Director,2024-02-03,117772.1,21,2.36
1989,Denise Reese,2,9,8,Executive Assistant,2019-05-28,127415.31,15,3.15
1990,Tracy Spencer,5,10,8,Manager,2024-05-12,67286.09,8,1.2
1991,Kaitlyn Myers,8,4,5,Lead Engineer,2021-12-13,118679.76,24,2.76
1992,Jason Morales,16,6,9,Director,2019-11-26,84638.09,21,4.86
1993,Susan Banks,5,4,1,Associate,2022-07-17,107450.76,22,2.75
1994,Caleb Reynolds,18,7,7,Director,2022-10-15,98052.81,25,3.45
1995,Daniel Green,7,3,10,Executive Assistant,2023-11-17,92044.1,9,1.16
1996,Casey Sims,14,9,3,Executive Assistant,2018-07-17,114182.69,2,4.14
1997,David Martin,3,6,2,Director,2018-07-15,177382.73,5,2.06
1998,Lawrence Miller,18,4,9,Manager,2019-12-27,66216.1,16,3.22
1999,Sherry Harrell,19,3,2,Executive Assistant,2020-09-25,79575.65,8,1.12
2000,Deborah Le,13,10,5,Executive Assistant,2019-12-20,121649.61,19,4.27
2001,Nicholas Newman,6,2,6,Associate,2020-12-09,55146.56,2,4.89
2002,Jamie Day,5,10,11,Associate,2025-03-03,102744.46,14,4.81
2003,Matthew Ryan,5,9,4,Director,2024-01-24,80544.42,2,4.9
2004,Thomas Harrison,10,2,8,Lead Engineer,2024-09-24,112756.93,1,4.18
2005,Robert Foster,14,9,1,Senior Analyst,2021-01-01,83107.97,9,1.66
2006,Danielle Holmes,2,4,9,Lead Engineer,2019-04-09,98797.97,14,3.9
2007,Martha Smith,19,8,1,Manager,2021-04-01,60223.66,20,1.06
2008,Crystal Graves,14,9,6,Associate,2022-12-24,154705.5,18,4.0
2009,Keith Graves,15,2,3,Lead Engineer,2019-12-07,98435.34,19,1.67
2010,Nathan Clark,1,5,4,Specialist,2025-01-17,111860.3,4,2.59
2011,Mark Gordon,6,4,5,Director,2024-07-28,160707.82,3,1.16
2012,Vicki Soto,8,9,4,Lead Engineer,2022-10-25,94138.12,10,1.67
2013,Courtney Patrick,20,9,7,Lead Engineer,2022-07-11,64327.38,20,2.5
2014,Henry Mcpherson,16,2,7,Director,2020-02-25,87471.39,2,1.88
2015,Wendy Cross,13,9,8,Specialist,2025-11-18,87326.82,21,2.55
2016,Ryan Smith,19,6,2,Specialist,2023-08-01,112153.45,18,1.73
2017,Lauren Diaz,12,10,9,Associate,2019-11-13,73274.99,13,1.77
2018,Laura Miller,18,7,10,Specialist,2025-10-11,175370.97,19,1.8
2019,Gabrielle Valdez,10,5,12,Manager,2018-04-16,147131.52,25,3.96
2020,Lindsay Soto,15,10,3,Manager,2023-04-02,146550.27,10,4.87
2021,Johnathan Johnson,2,3,4,Director,2022-06-07,59748.12,9,2.91
2022,Becky Marquez,7,6,5,Associate,2023-06-14,107184.68,11,1.98
2023,Pamela Johnson,19,6,6,Specialist,2022-02-24,64178.48,4,1.59
2024,Natasha Armstrong,2,7,4,Manager,2024-02-18,108898.94,5,3.21
2025,Taylor Pennington,11,7,10,Senior Analyst,2018-04-26,67512.25,8,1.47
2026,Deanna Mcdonald,2,4,6,Associate,2018-01-27,92063.27,4,1.51
2027,Joe Johnson,2,1,7,Associate,2022-12-23,61206.91,4,3.06
2028,Hannah Smith,3,1,4,Executive Assistant,2018-08-08,74083.95,17,3.39
2029,Heather Murphy,6,9,3,Senior Analyst,2021-05-19,155597.2,23,2.76
2030,Savannah Edwards,7,4,5,Senior Analyst,2025-12-17,56869.94,22,1.68
2031,Jennifer Davis,14,3,10,Senior Analyst,2025-11-09,98234.42,6,2.07
2032,Judy Hendricks,20,9,1,Lead Engineer,2018-11-01,59744.59,1,1.56
2033,Anna Griffin,3,5,11,Manager,2020-10-04,102903.37,9,2.82
2034,Shane Woods,12,2,7,Manager,2019-03-08,113347.95,15,3.73
2035,Laura Smith,18,6,8,Senior Analyst,2024-09-23,61949.34,10,3.11
2036,Tracy Lopez,12,10,9,Associate,2020-03-19,174881.37,11,3.93
2037,Summer Browning,7,9,2,Senior Analyst,2021-06-23,154506.5,21,1.12
2038,Bruce Smith,17,1,11,Lead Engineer,2021-12-19,113904.24,1,2.56
2039,Jessica Montoya,2,1,3,Lead Engineer,2023-04-16,51148.53,13,1.05
2040,Shannon Banks,3,1,9,Specialist,2025-01-16,116069.03,1,1.04
2041,Daniel Rivera,8,5,6,Specialist,2022-06-08,139928.69,9,4.5
2042,Hannah Ferguson,10,3,6,Specialist,2022-07-25,67795.23,5,2.32
2043,Travis Martin,12,6,7,Lead Engineer,2019-11-20,138015.83,6,4.91
2044,Jose Elliott,10,1,8,Associate,2021-05-30,163377.21,17,3.95
2045,Veronica Harding,10,8,9,Senior Analyst,2020-03-24,58404.91,8,2.99
2046,Kayla Trevino,8,10,3,Manager,2024-02-28,68214.58,9,3.6
2047,Roger Pierce,6,2,2,Specialist,2025-06-29,59185.21,14,1.25
2048,Anthony Ward,1,5,8,Lead Engineer,2025-11-14,48895.83,9,3.26
2049,Denise Morales,13,4,7,Specialist,2019-06-10,86842.55,12,1.27
2050,William Lee,19,2,11,Associate,2019-05-04,46195.84,10,4.64
2051,Jacqueline Hill,18,9,4,Executive Assistant,2024-01-08,139648.47,25,2.98
2052,Ashley Perry,11,4,5,Associate,2021-01-17,104833.39,7,4.24
2053,Mark Edwards,8,10,2,Specialist,2022-03-22,149456.72,11,1.84
2054,Kelsey Hansen,9,10,8,Senior Analyst,2018-09-19,116318.11,16,3.01
2055,Stephanie Ballard,3,7,6,Director,2021-10-26,143095.83,15,3.53
2056,Teresa Glenn,3,2,5,Specialist,2020-11-28,74979.01,10,3.06
2057,Mark Blanchard,15,10,5,Lead Engineer,2025-04-28,101288.26,8,3.54
2058,Kimberly Acosta,12,7,2,Lead Engineer,2024-08-21,65526.61,11,3.13
2059,Dawn Massey,4,2,4,Director,2018-04-02,138668.02,8,2.0
2060,Christopher Haynes,4,9,2,Director,2023-09-04,65892.24,2,2.05
2061,Christopher Torres,7,1,10,Manager,2021-02-22,153981.11,20,2.83
2062,Jason Carter,17,4,4,Executive Assistant,2023-06-16,158566.72,14,2.6
2063,Steven Simpson,6,7,6,Manager,2018-08-30,96134.41,21,2.43
2064,Adam White,11,4,3,Manager,2019-06-19,69217.54,13,3.34
2065,Brian Perez,8,5,6,Associate,2024-05-28,98720.84,17,2.66
2066,Duane Reed,15,3,4,Specialist,2024-06-11,102266.64,22,3.87
2067,Lindsey Young,5,6,5,Associate,2020-08-01,132533.95,6,4.66
2068,Emily Merritt,20,8,1,Manager,2019-02-09,153659.48,18,4.75
2069,Joseph Wilson,12,6,12,Specialist,2022-06-15,119498.56,7,4.1
2070,Kari Ramirez,13,2,11,Specialist,2025-08-07,63132.65,15,2.58
2071,Dana Morrison,7,4,11,Director,2023-01-25,125553.65,12,1.2
2072,Thomas Hill,20,9,10,Specialist,2019-09-09,147804.82,5,1.9
2073,Latoya Short,5,7,9,Manager,2019-04-30,78978.82,2,1.35
2074,Gregory Sanchez,20,4,9,Director,2019-10-26,129459.51,19,2.18
2075,Deanna White,13,7,3,Specialist,2019-05-15,170393.55,21,3.77
2076,Linda Wheeler,19,9,4,Associate,2020-04-10,158140.16,5,1.96
2077,Felicia Mitchell,14,1,8,Director,2025-07-25,147015.4,13,2.0
2078,Dr. Cynthia Flynn,16,4,7,Executive Assistant,2019-11-16,146318.83,23,3.14
2079,David Miles,7,8,11,Lead Engineer,2020-10-31,167767.98,11,4.4
2080,Kevin Reeves,16,4,1,Director,2018-03-05,174973.03,5,3.98
2081,Linda Scott,10,3,3,Specialist,2021-07-23,88332.03,15,3.14
2082,Julie Arnold,20,2,3,Senior Analyst,2023-09-17,79945.51,7,3.86
2083,Tina Rose,19,5,3,Associate,2022-08-13,59877.05,11,4.23
2084,Sheryl Howe,3,5,1,Associate,2025-09-10,76542.0,1,1.18
2085,Christina Skinner PhD,4,8,10,Senior Analyst,2020-06-19,129715.27,5,1.04
2086,Jennifer Cook,5,4,11,Lead Engineer,2019-03-08,108250.48,15,3.0
2087,Mrs. Monica Russell,11,5,9,Specialist,2022-03-13,169643.0,24,2.44
2088,Terry Johnson,18,7,11,Executive Assistant,2019-08-25,70054.45,6,4.23
2089,Melissa Rodriguez,8,6,12,Manager,2018-03-04,156379.36,1,4.97
2090,Vincent Harris,10,10,3,Senior Analyst,2019-02-11,69849.97,21,2.8
2091,April Gamble,3,8,8,Executive Assistant,2021-06-05,141449.47,1,3.38
2092,Brandy Warren,6,6,10,Executive Assistant,2022-11-10,144106.72,13,2.41
2093,Austin Mullen,4,9,9,Senior Analyst,2022-04-20,143921.98,8,3.53
2094,Matthew James,16,10,4,Director,2022-12-18,159536.11,21,1.86
2095,Randy Castro,16,6,2,Manager,2024-01-03,104442.53,7,4.44
2096,Christopher Page,18,1,7,Senior Analyst,2021-03-27,166082.33,20,2.1
2097,Kimberly Randall,14,2,10,Associate,2023-08-18,62141.99,13,1.29
2098,Michael Hernandez,6,6,4,Manager,2021-04-21,116360.49,8,2.77
2099,Mary Hansen,17,10,1,Associate,2018-01-05,172756.06,13,1.6
2100,William Mason,2,7,2,Lead Engineer,2018-12-24,160959.17,7,3.9
2101,Claudia Ward,5,3,11,Manager,2024-12-10,179676.42,9,1.05
2102,Sandra Gomez,15,2,9,Associate,2020-02-28,113829.32,3,2.36
2103,Alexander Hernandez,20,8,4,Director,2024-10-27,179574.16,14,2.7
2104,Diana Cruz,6,10,3,Specialist,2025-06-23,169984.65,16,1.46
2105,Jessica Bailey,1,6,3,Director,2019-07-28,52033.25,13,4.83
2106,Tyler Bennett,3,1,5,Director,2024-04-18,143529.37,14,3.21
2107,Andrew Anderson,8,5,2,Senior Analyst,2022-04-30,153121.41,7,1.62
2108,Tyler Jones,16,1,11,Associate,2023-03-11,177405.01,23,4.71
2109,Joyce Fields,13,7,11,Senior Analyst,2021-01-04,178214.31,16,4.12
2110,Renee Thompson,4,5,9,Director,2022-12-24,137539.41,10,3.98
2111,Jose Gomez,20,10,9,Lead Engineer,2019-11-26,56210.5,21,4.06
2112,Joseph Henry,13,7,12,Senior Analyst,2019-12-16,175639.87,22,1.93
2113,Justin Rodriguez,14,4,1,Executive Assistant,2021-12-06,166303.16,12,4.95
2114,James James,2,8,10,Director,2023-05-15,125748.01,24,1.71
2115,Timothy James,4,6,5,Manager,2019-05-12,172050.7,13,4.0
2116,Stephen Bishop,9,10,2,Specialist,2022-05-11,176003.09,24,2.3
2117,Sharon Coleman,19,9,9,Manager,2022-10-02,130426.61,19,3.36
2118,David Baker,19,5,9,Director,2020-05-07,53193.52,13,1.05
2119,Arthur Watts,20,1,11,Specialist,2024-09-10,155085.63,21,1.8
2120,Christina Scott,3,6,4,Executive Assistant,2023-12-04,151973.59,2,3.96
2121,William Dennis,15,10,4,Executive Assistant,2020-11-19,164467.92,13,3.56
2122,Hannah Mueller,16,7,9,Executive Assistant,2023-05-13,95120.87,24,4.56
2123,Grace Garcia,4,7,2,Specialist,2022-05-04,98799.91,13,3.41
2124,Teresa Moss,20,9,8,Manager,2025-05-30,102412.73,19,4.05
2125,Adam Johnson,1,7,12,Senior Analyst,2022-10-20,117103.44,23,2.19
2126,Tyler Peters,16,4,7,Executive Assistant,2019-12-16,84082.63,9,2.9
2127,Kelsey Drake,12,9,1,Director,2023-02-02,85098.05,4,3.04
2128,Seth Nichols,2,10,1,Senior Analyst,2020-04-04,150153.0,8,2.88
2129,Stacy Lopez,10,4,4,Executive Assistant,2022-11-29,131146.16,21,1.17
2130,Cathy Thompson,11,8,4,Senior Analyst,2019-08-29,100610.45,24,4.55
2131,Dr. Mary Obrien,13,5,12,Manager,2023-08-12,100597.12,21,1.63
2132,Jerry Alvarez,10,10,5,Associate,2018-12-21,62212.24,3,2.61
2133,Christopher Moore,9,6,1,Manager,2018-03-03,162047.78,19,1.63
2134,Chad Ellis,16,1,1,Associate,2023-11-26,146598.06,16,3.96
2135,Robert Andrews,1,5,11,Director,2023-09-30,163910.95,8,3.63
2136,Joseph Fox,16,7,11,Executive Assistant,2019-11-10,178886.12,13,3.13
2137,Danny Banks,12,8,11,Executive Assistant,2020-05-23,54538.44,19,1.65
2138,Karen Gutierrez,11,3,7,Specialist,2019-08-20,165138.46,25,3.89
2139,Catherine Ramsey,2,1,1,Executive Assistant,2025-08-23,165638.44,9,3.44
2140,Brittany George,9,5,6,Lead Engineer,2018-11-02,142397.72,5,4.07
2141,Heather Mathis,4,5,4,Specialist,2022-02-16,88994.4,21,1.14
2142,Joel Mcgee,11,7,2,Director,2018-05-12,150840.92,21,3.03
2143,Lori Henry,10,6,10,Senior Analyst,2025-01-01,58410.12,5,1.83
2144,Mark Bennett,8,10,5,Manager,2021-03-25,118519.84,17,2.23
2145,Teresa Patel,9,4,11,Lead Engineer,2020-06-22,60113.49,1,1.39
2146,Rachel Rosales,19,7,12,Specialist,2022-04-08,77347.41,1,3.55
2147,Megan Ferguson,20,2,5,Lead Engineer,2022-01-15,65360.3,7,2.88
2148,Allen Fisher,9,4,3,Senior Analyst,2025-02-20,70779.99,2,3.19
2149,Jaclyn Johnson,16,3,5,Director,2022-05-08,66926.35,4,2.1
2150,Cynthia White,12,1,7,Executive Assistant,2024-06-25,144654.31,4,2.89
2151,Cynthia Brown,9,8,10,Director,2018-08-11,165425.69,7,4.68
2152,Selena Singh,18,9,1,Specialist,2024-12-13,115545.63,23,1.7
2153,Jennifer Maxwell,7,2,1,Senior Analyst,2019-06-14,100409.57,14,1.43
2154,Melissa Schmidt,8,7,10,Lead Engineer,2018-07-20,166616.72,18,4.03
2155,Jesus Martinez,17,8,9,Senior Analyst,2018-03-25,108887.66,19,2.47
2156,Carla Wheeler,7,8,9,Executive Assistant,2019-07-22,52456.01,8,1.42
2157,Thomas Matthews,7,5,3,Senior Analyst,2023-11-01,155585.6,12,1.1
2158,Danielle Harrison,9,7,1,Manager,2025-02-16,134007.24,14,1.52
2159,Angela Reyes,16,7,6,Lead Engineer,2021-04-22,106113.42,22,1.73
2160,Daniel Jimenez,8,1,1,Senior Analyst,2020-05-12,129170.4,5,1.75
2161,Kimberly Wright,4,5,6,Senior Analyst,2020-10-16,71912.76,24,2.44
2162,Heather Mccall,1,10,5,Specialist,2020-08-25,127400.42,11,2.76
2163,Ashley Lewis,5,8,8,Director,2023-01-09,74123.67,16,1.38
2164,Linda Cruz,13,10,7,Lead Engineer,2020-12-17,140277.74,24,1.15
2165,Cindy Tyler,7,1,5,Senior Analyst,2025-01-10,102414.0,1,2.9
2166,Grant Williams,7,6,10,Senior Analyst,2025-03-16,118939.82,25,2.0
2167,Natasha Mckinney,14,4,10,Executive Assistant,2024-04-18,129997.26,25,4.73
2168,Timothy Hall,11,5,3,Associate,2025-08-03,141604.0,19,4.61
2169,Tamara Hall,16,5,11,Senior Analyst,2019-06-04,60423.02,1,2.57
2170,Robert Obrien,8,10,8,Manager,2019-04-16,116985.02,17,2.28
2171,John Mueller,14,9,1,Senior Analyst,2023-06-01,154706.62,17,1.38
2172,Cameron Horne,4,6,8,Senior Analyst,2023-03-04,130426.27,5,2.37
2173,Tom Cook,12,5,12,Specialist,2020-08-07,162924.24,4,4.47
2174,Daniel Richards,1,10,4,Executive Assistant,2022-12-29,107834.75,22,2.55
2175,Alex Miller,16,7,8,Specialist,2022-05-06,95840.0,3,4.97
2176,Joanne Boone,12,2,11,Executive Assistant,2021-05-17,140633.48,3,4.96
2177,Jeff Hickman,4,7,3,Executive Assistant,2022-04-21,153247.61,20,2.07
2178,Wendy Weber,11,4,4,Executive Assistant,2019-07-17,157696.94,19,3.1
2179,Thomas Humphrey,16,8,5,Specialist,2022-10-26,120852.71,12,4.81
2180,Collin Reynolds,1,2,4,Director,2018-05-06,86154.31,2,1.43
2181,Jamie Myers,4,7,3,Associate,2023-08-18,163117.03,6,1.42
2182,Christine Daniels,15,5,9,Executive Assistant,2021-12-19,133421.88,14,1.27
2183,Richard Stanley,19,4,1,Manager,2022-12-10,176971.1,15,1.43
2184,Tim Green,11,6,9,Manager,2019-08-04,164369.9,3,4.54
2185,Chelsey Shields,12,1,4,Lead Engineer,2021-07-14,112737.53,17,4.48
2186,Cindy Wilson MD,13,9,5,Lead Engineer,2025-10-28,76456.34,25,1.44
2187,Deborah Thompson,1,1,6,Senior Analyst,2025-10-12,170216.46,25,1.44
2188,Brian Perkins,4,1,7,Executive Assistant,2022-08-03,92321.42,13,3.86
2189,Vanessa Levy,14,8,6,Executive Assistant,2021-09-11,127297.81,15,4.4
2190,David Norris,19,6,9,Specialist,2021-08-07,168850.27,8,4.93
2191,Jack Ballard MD,19,7,3,Lead Engineer,2025-08-24,51755.11,19,4.32
2192,Amy Jackson,5,3,8,Manager,2021-02-03,113566.9,5,4.13
2193,Brandi Griffin MD,11,3,7,Manager,2020-08-05,82298.95,18,1.79
2194,Tracey Zuniga,1,7,11,Manager,2020-08-30,120586.95,9,3.85
2195,Michael Mcgrath,7,7,4,Manager,2024-06-01,64407.17,18,3.18
2196,Dakota Thompson,17,4,4,Manager,2018-01-28,140517.52,14,2.74
2197,Amy Valencia,8,6,12,Lead Engineer,2020-08-06,128946.7,20,3.83
2198,Gabrielle Mitchell,16,3,11,Associate,2021-06-29,121871.2,9,3.77
2199,Joshua Dennis,9,3,8,Manager,2018-11-17,121982.8,24,3.04
2200,David Gross,14,9,11,Specialist,2019-11-19,69224.2,6,4.31
2201,Mrs. Michelle Burns,7,2,3,Director,2023-08-16,144986.31,4,4.21
2202,Elizabeth Long,13,7,3,Executive Assistant,2023-02-01,164191.95,7,2.09
2203,Christopher Matthews,20,4,2,Lead Engineer,2022-10-20,124357.69,14,1.36
2204,Christopher Johnson,7,9,4,Director,2022-02-08,70626.53,12,1.13
2205,Raymond Meyer,11,3,7,Manager,2023-09-05,131094.0,6,4.85
2206,Bonnie Scott,18,7,4,Director,2019-08-08,114174.37,8,2.29
2207,Ryan Cannon,17,8,7,Lead Engineer,2024-08-19,64407.92,13,1.8
2208,Brian Johnson,10,7,10,Lead Engineer,2021-08-24,157573.13,23,2.99
2209,John Myers,2,10,10,Associate,2020-05-09,53072.09,16,1.56
2210,Zachary Kaiser II,16,1,8,Senior Analyst,2023-12-29,152418.21,3,2.63
2211,Richard Perez,6,9,8,Specialist,2025-08-23,174412.67,21,1.87
2212,Marcus Baldwin,8,8,5,Lead Engineer,2018-02-22,51870.64,20,1.98
2213,Robert Herrera,18,7,8,Manager,2019-06-10,76517.01,22,1.69
2214,Angela Moore,11,7,11,Executive Assistant,2018-11-11,152904.3,4,4.3
2215,Robert Waters,15,5,1,Director,2018-08-03,54702.44,20,2.01
2216,Samantha Santos,3,9,6,Specialist,2024-02-15,135494.62,23,4.11
2217,James Campbell MD,12,4,5,Executive Assistant,2020-12-31,97203.64,20,4.66
2218,Tracey Payne,15,8,12,Executive Assistant,2022-06-02,160376.47,3,1.38
2219,Cindy Cooley,7,8,5,Specialist,2023-06-17,55810.64,25,1.79
2220,Randy Brown,16,6,6,Manager,2024-07-29,87056.07,5,1.97
2221,Sally Barber,15,10,7,Specialist,2018-05-11,145450.49,11,3.33
2222,Andrea Wood,17,10,5,Specialist,2024-02-08,45421.3,1,3.39
2223,Amber Smith,1,2,3,Lead Engineer,2024-05-01,57787.63,15,2.42
2224,Danny Salazar,5,6,3,Manager,2020-07-02,48275.43,6,4.06
2225,Leonard Gonzalez,5,5,11,Senior Analyst,2021-06-23,53032.82,9,4.85
2226,Anthony Webster,15,6,6,Executive Assistant,2022-06-06,106222.84,8,2.64
2227,Lucas Torres,2,4,12,Lead Engineer,2021-11-07,119555.01,18,4.55
2228,Norman Berry,19,9,11,Associate,2021-10-08,114697.13,8,4.61
2229,Rhonda Reid,17,8,1,Senior Analyst,2023-08-31,114711.46,15,2.17
2230,Adam Daugherty,8,5,8,Senior Analyst,2018-10-09,138824.34,11,1.19
2231,John Holland,17,7,2,Senior Analyst,2018-10-06,51962.73,16,4.79
2232,Joshua Brown,15,4,8,Manager,2023-08-31,174375.01,6,4.59
2233,John Abbott,1,6,4,Senior Analyst,2021-12-12,59513.94,10,3.68
2234,Kristen Riddle,20,6,11,Senior Analyst,2019-07-14,147575.47,14,2.18
2235,Alexander Kelly,4,3,4,Director,2019-01-25,101977.53,12,4.73
2236,Emily Richards,5,10,12,Senior Analyst,2023-07-29,172452.74,11,2.36
2237,Ross Johnson,14,10,12,Associate,2019-12-18,116308.92,19,2.11
2238,Stephanie Campbell,6,5,7,Senior Analyst,2024-01-21,49921.52,16,1.92
2239,Stephanie Moore,16,6,9,Senior Analyst,2021-03-24,150672.1,4,2.12
2240,Rita Hanson,8,5,11,Manager,2023-01-14,164849.09,7,1.89
2241,Lisa Brown,11,1,2,Specialist,2024-05-15,115974.0,14,1.06
2242,Lisa Russell,12,1,6,Lead Engineer,2023-07-14,147303.33,11,2.83
2243,Shannon Garcia,14,10,11,Director,2024-08-16,112971.95,15,3.82
2244,James Hurley,16,5,8,Associate,2022-12-09,169225.95,18,4.87
2245,Scott Crawford,17,8,12,Director,2019-07-26,156545.24,3,1.29
2246,Deborah Glenn,19,8,10,Executive Assistant,2020-06-17,85008.3,6,4.79
2247,Travis Shah,12,6,9,Specialist,2022-01-18,85992.54,1,2.25
2248,Melissa Morton,6,7,1,Lead Engineer,2025-09-02,142304.66,7,2.17
2249,Jennifer Peterson,17,4,9,Director,2019-10-26,152832.0,3,4.19
2250,John Hunt,16,7,1,Senior Analyst,2023-05-31,110793.05,22,3.27
2251,Chad Hatfield,7,6,2,Director,2023-09-22,81574.34,7,1.37
2252,Ryan Wells,15,2,2,Manager,2018-03-13,113764.75,23,3.67
2253,Danielle Herrera,11,2,5,Lead Engineer,2020-07-08,98733.16,6,3.34
2254,Jonathan Nguyen,9,7,4,Lead Engineer,2021-04-19,99698.8,3,5.0
2255,Laura Fields,1,6,6,Lead Engineer,2023-11-29,154257.69,16,3.04
2256,Chad Doyle,13,3,10,Director,2020-07-12,172411.9,20,3.14
2257,Denise Jones,19,7,2,Specialist,2019-11-09,165678.4,4,4.37
2258,Karen Burnett,14,3,2,Associate,2020-03-19,168494.7,16,2.34
2259,Marvin Wong,16,5,10,Specialist,2022-04-03,62037.15,13,1.16
2260,Katie Hunt,8,8,6,Executive Assistant,2018-01-25,61304.89,24,1.65
2261,James Gonzales,18,6,11,Specialist,2021-03-18,102527.2,16,1.86
2262,Michael Gallegos,20,9,6,Senior Analyst,2025-02-08,97506.16,10,1.82
2263,Karla Holden,3,5,7,Specialist,2021-04-18,116467.38,2,1.92
2264,John Dorsey,12,9,5,Associate,2019-10-22,114983.41,23,1.98
2265,Lisa Galloway,18,9,6,Specialist,2019-08-23,114491.63,21,2.88
2266,Sharon Nelson,4,3,4,Director,2024-10-25,48951.05,19,3.1
2267,Robert Norris,12,9,2,Senior Analyst,2024-10-18,146006.75,8,4.06
2268,Marc Green,9,10,12,Senior Analyst,2020-05-31,68916.63,25,3.46
2269,Travis Moore,14,1,9,Manager,2019-04-02,126924.47,20,2.64
2270,Bobby Glover,19,6,12,Associate,2022-08-11,101068.09,23,1.99
2271,Nicholas Taylor,17,3,3,Manager,2025-06-05,131949.89,23,4.19
2272,Jessica Molina,14,2,2,Specialist,2018-06-11,146920.1,18,4.43
2273,Erin Jenkins,2,1,11,Associate,2024-03-08,167452.33,4,4.0
2274,Michael Meyer,20,10,10,Executive Assistant,2021-09-12,53366.42,16,4.15
2275,Daniel Vance,16,9,7,Manager,2022-12-24,148429.75,19,3.47
2276,Rebecca Hill,7,4,8,Director,2021-01-21,54536.14,14,2.89
2277,Sharon Scott,4,6,1,Specialist,2018-06-06,76317.35,6,4.21
2278,Claudia Randall,4,5,4,Lead Engineer,2019-05-08,55941.49,1,2.75
2279,Samantha Garner,8,10,12,Associate,2025-05-27,108796.54,21,2.8
2280,Maria Riggs,18,8,6,Associate,2023-08-19,134732.6,11,3.06
2281,Michael Wright,12,10,9,Lead Engineer,2022-02-22,69772.86,21,2.81
2282,Stephen Perez,5,2,5,Specialist,2024-04-26,48041.82,2,4.07
2283,Rebecca Smith,7,9,3,Specialist,2019-01-30,114894.31,14,3.71
2284,David Houston,6,5,3,Manager,2024-06-10,172022.23,14,4.09
2285,Cody Gallegos,11,6,2,Manager,2024-07-26,101682.76,24,1.68
2286,Lindsey Anderson,18,1,12,Manager,2025-09-24,122571.33,11,4.72
2287,Timothy Baker,16,5,1,Lead Engineer,2020-05-05,86198.43,10,4.54
2288,Matthew Robinson,7,2,4,Associate,2025-09-13,106275.84,12,3.57
2289,William Swanson,4,4,11,Manager,2020-05-02,165044.02,4,1.11
2290,Jamie Garcia,2,1,9,Senior Analyst,2025-12-28,46358.85,9,3.54
2291,Patricia Williams,10,1,8,Director,2018-04-17,143693.95,5,1.5
2292,Wayne Lowe,15,7,6,Manager,2021-04-16,111281.62,15,3.02
2293,Tina Wiley,20,5,8,Associate,2024-09-21,57321.31,19,2.77
2294,Marcus Parker,16,4,6,Senior Analyst,2024-02-15,132892.61,5,2.34
2295,Jason Hall,18,10,2,Senior Analyst,2023-04-21,90965.82,7,1.85
2296,Laurie Obrien,2,1,6,Associate,2023-01-03,153943.97,24,2.57
2297,Michael Harris,9,2,3,Director,2018-05-31,78056.44,25,1.84
2298,Lisa Kemp,13,9,9,Executive Assistant,2025-04-01,47420.24,7,3.64
2299,Stacey Robinson,20,10,3,Specialist,2023-08-20,156401.27,19,1.11
2300,Clifford Liu,12,6,8,Lead Engineer,2020-10-18,131374.33,3,1.01
2301,Jason Cole,16,7,10,Executive Assistant,2025-04-22,130213.34,12,2.17
2302,Zachary Grant,7,2,8,Associate,2024-01-28,133223.29,24,3.44
2303,Sabrina Ibarra,17,5,1,Lead Engineer,2021-03-29,88695.69,14,2.04
2304,Aimee Hamilton,2,6,12,Associate,2018-11-25,166508.39,20,2.39
2305,Andrea Pearson,2,4,2,Manager,2023-05-24,124167.04,11,4.62
2306,David Schmidt,16,3,6,Lead Engineer,2024-08-10,106218.07,18,1.85
2307,Brooke Evans,14,10,5,Specialist,2019-04-03,111245.73,14,4.63
2308,Lauren Davis,11,3,5,Lead Engineer,2020-09-28,140617.48,1,4.87
2309,Laurie Gould,9,8,4,Director,2022-01-07,87509.72,8,4.78
2310,Angela Combs,17,4,11,Director,2018-06-07,65891.22,1,4.28
2311,Ashley Ross,5,6,2,Manager,2020-11-04,112818.32,25,3.12
2312,Dawn Anderson,2,10,2,Manager,2020-11-16,88161.8,5,3.58
2313,Jeanne Wagner,3,9,8,Director,2019-11-02,136427.91,10,2.66
2314,Kristen Allison,4,2,10,Director,2019-11-17,112187.11,8,2.2
2315,Gregory Bridges,18,4,6,Manager,2021-06-22,175226.3,18,3.87
2316,Mrs. Nicole Davis MD,9,8,3,Manager,2021-09-21,162204.32,1,1.16
2317,Dr. Brandon Olsen,6,9,3,Senior Analyst,2023-06-03,84504.67,12,1.39
2318,Joseph Murphy,9,10,8,Lead Engineer,2020-08-30,146618.03,13,4.46
2319,April Jackson,6,1,4,Director,2023-04-21,66695.32,6,2.43
2320,Scott Williams,1,8,10,Associate,2019-07-17,87511.28,16,3.87
2321,Billy Taylor,15,6,7,Specialist,2023-01-23,105500.86,21,2.79
2322,Kristina Jones,16,10,10,Manager,2020-05-07,75378.43,9,1.39
2323,Philip Preston,11,9,11,Senior Analyst,2021-07-27,84916.42,23,1.42
2324,Miss Autumn Edwards DDS,5,10,8,Associate,2020-10-06,48986.44,11,3.43
2325,Sandra Allen,4,4,2,Executive Assistant,2023-04-26,94078.71,20,2.76
2326,Robyn Chapman,6,10,12,Associate,2022-06-02,84885.32,17,1.79
2327,Tyler Dillon,8,8,11,Director,2021-09-17,80115.21,5,3.66
2328,Alicia Anthony,14,2,5,Specialist,2018-05-05,55048.44,13,4.47
2329,Glenn Davis,16,2,2,Executive Assistant,2024-07-21,71611.13,25,2.39
2330,John Carter,9,5,9,Manager,2024-10-22,112080.54,7,1.14
2331,Albert Mora,2,5,9,Director,2023-01-29,99086.23,12,4.45
2332,Nathaniel Cox,16,1,6,Executive Assistant,2024-07-15,78578.23,12,4.03
2333,Katherine Martinez,8,3,6,Senior Analyst,2024-12-27,95191.71,4,1.31
2334,Tiffany Anderson,15,2,7,Associate,2019-11-15,46415.66,4,3.23
2335,Ronald Nelson,8,8,6,Associate,2022-06-13,50212.25,16,2.11
2336,Gabriel Wright,8,2,4,Manager,2023-07-27,159797.08,14,4.39
2337,Brian Kim,4,9,10,Executive Assistant,2018-03-20,156277.99,4,2.39
2338,Victoria Miller,20,6,9,Executive Assistant,2022-09-15,57885.02,19,2.96
2339,William Jimenez,20,6,9,Executive Assistant,2019-02-02,105290.13,25,4.55
2340,Tina Hernandez,12,10,8,Manager,2018-03-04,85698.03,6,2.55
2341,John Miller,16,6,1,Lead Engineer,2022-10-01,87422.98,2,1.46
2342,Bryan Oliver,12,3,9,Senior Analyst,2025-03-07,77786.77,4,3.89
2343,Mary Khan,14,1,10,Manager,2020-01-23,123287.32,13,4.75
2344,Noah Hebert,17,6,12,Executive Assistant,2021-03-21,152293.81,21,1.17
2345,Bridget Middleton,1,1,8,Associate,2018-01-11,134117.46,11,2.21
2346,Larry Martin,17,4,3,Director,2018-08-24,158057.69,1,3.93
2347,Jeffrey Rogers,20,7,6,Director,2018-01-19,93246.89,19,2.58
2348,Roberta Bray,3,7,9,Associate,2023-01-09,97605.48,5,2.07
2349,Shirley Jackson,13,8,12,Associate,2023-02-08,155848.7,20,2.32
2350,Laura Myers,2,10,7,Executive Assistant,2020-09-09,144273.95,3,2.72
2351,Molly Wall,3,8,4,Director,2024-10-03,69998.05,7,2.76
2352,Bradley Parker,7,6,10,Manager,2023-09-03,178331.57,1,3.87
2353,James Brown,5,7,7,Manager,2025-08-31,117165.98,18,4.02
2354,Mrs. Karen Gibson,13,7,3,Specialist,2020-07-14,142126.17,9,3.59
2355,Kyle Scott,14,8,1,Lead Engineer,2023-02-16,113211.84,2,3.66
2356,Amy Joseph,19,10,12,Specialist,2025-08-21,103926.01,21,2.68
2357,Lisa Fuller,5,7,3,Associate,2021-09-09,110979.68,24,4.31
2358,Nancy Lee,14,6,11,Manager,2021-03-09,59436.96,22,2.67
2359,Craig Murphy,20,8,6,Manager,2024-12-25,49400.47,10,2.21
2360,Christopher Castro,18,2,10,Manager,2018-07-18,173406.94,8,1.37
2361,Rebecca Maldonado,18,8,6,Specialist,2022-02-26,137725.53,1,1.68
2362,Shelley Mckenzie,12,10,12,Executive Assistant,2019-09-15,86103.42,11,4.78
2363,Miranda Stevens,13,1,3,Executive Assistant,2024-04-01,171330.65,8,1.91
2364,Daniel Smith,11,1,8,Associate,2025-12-21,90270.68,24,4.98
2365,Nicole Norton,14,2,6,Manager,2020-11-26,175537.5,5,2.45
2366,Craig Brown,13,6,9,Specialist,2024-12-17,67775.93,20,4.39
2367,Rebecca Davis,1,5,6,Specialist,2020-09-21,119414.82,25,3.86
2368,Katherine Lynch,19,10,2,Director,2021-06-21,98150.3,14,1.67
2369,Lori Ponce,1,2,10,Lead Engineer,2018-12-05,94513.39,16,1.06
2370,Robert Smith,6,5,5,Manager,2021-12-01,147005.56,16,3.83
2371,Maria Ramirez,19,10,7,Director,2024-01-27,62568.38,24,2.0
2372,Mary Hunter,9,2,1,Director,2024-12-11,68412.99,14,3.43
2373,Carol Wright,1,5,7,Manager,2021-10-08,51815.16,20,1.78
2374,Shannon Barker,9,7,12,Director,2018-02-09,110801.24,3,1.83
2375,Donna Davis,19,10,2,Manager,2022-05-13,91202.23,2,1.96
2376,Donna Williams,18,6,1,Manager,2019-08-15,153225.4,13,3.49
2377,David Carter,15,9,1,Senior Analyst,2018-07-30,45841.76,21,1.5
2378,Angela Myers,17,9,5,Director,2022-03-03,91898.51,16,3.71
2379,Joseph Sanchez II,8,4,11,Manager,2019-07-01,98813.57,16,2.65
2380,Alex Brock,4,6,12,Director,2024-10-26,50733.97,20,1.87
2381,Jon Wilson,14,7,12,Executive Assistant,2018-12-27,169724.65,17,2.02
2382,Dorothy Tran,16,8,1,Specialist,2025-03-14,66855.75,4,2.71
2383,Jenna Johnson,20,6,11,Director,2020-05-14,133780.91,23,3.72
2384,Gary Potter,6,8,4,Associate,2025-02-24,138332.33,15,1.67
2385,Jonathan Cooper,19,4,3,Director,2018-08-28,103263.53,25,4.2
2386,Robert Clayton,2,9,5,Associate,2024-09-25,88653.17,24,4.17
2387,Vanessa Miller,9,4,12,Senior Analyst,2022-05-05,145777.96,24,4.82
2388,Emily Duke,10,7,8,Manager,2018-01-13,73294.97,18,2.8
2389,Robin Norris,14,9,9,Executive Assistant,2022-11-17,167440.32,20,3.06
2390,Theresa Nichols,12,8,7,Executive Assistant,2025-05-12,81708.67,10,1.1
2391,Walter Church,4,6,7,Senior Analyst,2019-04-26,134162.11,19,2.57
2392,William Hoffman,14,1,10,Executive Assistant,2024-04-14,169267.14,7,3.54
2393,Frank Miller,7,2,12,Director,2020-07-26,173321.15,21,4.95
2394,Pamela Palmer,6,6,1,Executive Assistant,2018-02-10,165343.9,25,4.57
2395,Tiffany Davis,5,10,11,Senior Analyst,2024-09-28,136467.13,13,3.64
2396,Vanessa Bennett,14,8,4,Senior Analyst,2019-09-28,174455.76,3,4.74
2397,Dan Martin,12,10,1,Executive Assistant,2021-09-27,61114.44,3,4.08
2398,Benjamin Turner,20,3,5,Director,2020-11-01,169681.75,19,1.91
2399,Ethan West,1,10,8,Specialist,2025-12-04,48797.35,16,1.89
2400,Rebecca Griffin,19,3,12,Specialist,2024-11-18,125750.76,16,3.39
2401,Janet Murphy,6,3,8,Lead Engineer,2025-07-13,175245.16,1,3.23
2402,Melissa Webb,10,2,8,Senior Analyst,2018-07-23,98674.72,20,2.08
2403,Travis Rowland,14,10,10,Manager,2025-04-09,130670.69,12,3.8
2404,Andrew Vaughn,5,6,10,Director,2022-12-20,122213.09,11,4.19
2405,Crystal Jordan,10,4,8,Associate,2020-10-26,100309.74,15,3.83
2406,Ronald Bailey,18,7,4,Lead Engineer,2018-03-25,58596.64,1,3.53
2407,Tony Acosta,9,9,10,Director,2020-05-04,172423.56,14,4.39
2408,Martin Howard,16,6,5,Director,2023-12-20,78664.02,20,3.77
2409,Timothy Delgado,7,8,12,Specialist,2018-12-31,82755.01,9,4.17
2410,Joseph Mccullough,4,7,2,Manager,2018-09-29,77506.74,14,2.92
2411,Cynthia Davis,4,3,2,Specialist,2023-01-22,159300.7,25,2.1
2412,Michael Gomez,18,5,10,Director,2021-06-06,47231.47,9,4.13
2413,Andres Ramirez,13,1,2,Senior Analyst,2018-01-11,95095.43,10,3.83
2414,Larry Maxwell,12,3,10,Associate,2024-08-21,128120.72,11,3.26
2415,John Curry,2,1,4,Lead Engineer,2022-11-25,98840.05,17,1.13
2416,Kendra Gross,19,3,11,Director,2023-02-19,171608.73,14,1.27
2417,James Arroyo,2,3,7,Manager,2020-01-18,132615.73,9,3.43
2418,Glen Hamilton,13,10,5,Lead Engineer,2020-03-17,81664.3,13,4.72
2419,Brianna Madden,13,6,4,Executive Assistant,2018-09-09,105875.78,1,3.23
2420,Jason Collins,9,3,5,Associate,2024-09-23,77239.49,11,4.87
2421,Amy Douglas,11,9,11,Executive Assistant,2018-03-18,94808.94,3,2.6
2422,Kathleen Taylor,9,6,3,Executive Assistant,2021-02-12,113392.93,5,4.22
2423,Michele Lewis,3,1,9,Associate,2018-12-08,167603.34,19,1.99
2424,Shelly Clements,4,7,7,Manager,2021-07-16,158898.75,3,1.43
2425,Alicia Foster,7,9,3,Senior Analyst,2023-12-19,94519.47,17,2.71
2426,Melanie Davis,2,7,9,Manager,2025-09-05,54856.31,8,3.36
2427,Joseph Duffy,11,2,2,Manager,2019-11-16,52148.05,23,3.61
2428,Dawn Shaw,4,8,6,Specialist,2023-03-26,78970.63,5,2.65
2429,Laurie Smith,19,8,1,Senior Analyst,2023-12-20,80191.65,18,2.79
2430,Christine Williams,18,9,6,Director,2018-11-17,96617.69,21,4.69
2431,Matthew Ramirez,19,3,8,Manager,2019-05-10,119624.67,11,2.02
2432,Samantha Fischer,2,1,2,Specialist,2024-03-20,66246.3,3,4.18
2433,Gina Giles,3,7,5,Executive Assistant,2020-09-30,175208.3,9,1.36
2434,Diana Campos,9,2,8,Director,2024-09-11,57898.62,22,3.74
2435,Brandon Garcia,7,9,6,Senior Analyst,2020-05-30,128336.61,13,3.71
2436,Kimberly Palmer,11,7,2,Manager,2020-09-03,123702.12,10,4.28
2437,Sarah Miller,5,10,2,Specialist,2020-10-17,174387.47,6,1.91
2438,Sandra Gonzalez,9,6,1,Director,2024-04-09,57540.08,11,4.53
2439,Brandy Schwartz,18,9,2,Executive Assistant,2023-02-04,51315.22,13,2.73
2440,Robert Goodman,19,10,2,Director,2025-03-03,177597.51,24,4.71
2441,Valerie Price,1,7,3,Executive Assistant,2019-08-07,118121.22,25,4.47
2442,Olivia King,4,10,8,Director,2019-05-06,147345.95,25,3.3
2443,Scott Dixon,11,1,9,Lead Engineer,2022-07-13,139723.52,7,2.68
2444,Stephanie Thompson,19,9,10,Specialist,2020-10-29,155726.65,7,2.29
2445,Mary Chandler,6,10,3,Director,2019-04-10,167413.35,4,4.87
2446,David Ortiz,8,6,10,Specialist,2019-01-30,172748.62,19,2.99
2447,Angela Williams,10,3,12,Lead Engineer,2025-09-07,169890.03,12,3.19
2448,Jeremiah Lindsey,1,2,10,Manager,2025-09-18,81863.24,16,2.87
2449,Sharon Rowe,14,3,12,Specialist,2022-09-03,175212.25,7,3.19
2450,Maria Jones,10,4,1,Specialist,2018-04-26,172862.42,8,1.51
2451,Diana Nelson,13,5,3,Manager,2019-07-21,79301.59,18,1.78
2452,Holly Wilson,14,4,10,Associate,2022-10-22,61193.11,15,2.35
2453,Francisco Lin,13,4,11,Manager,2024-04-23,64404.61,5,2.19
2454,Martha Hill,19,5,8,Manager,2018-12-15,158999.07,16,1.63
2455,James White,14,3,10,Lead Engineer,2021-03-24,93342.59,10,1.31
2456,Christopher Trujillo,9,2,1,Lead Engineer,2023-12-10,118604.33,8,2.66
2457,Stephanie Hernandez,17,10,9,Lead Engineer,2024-10-13,119891.67,4,2.52
2458,Michael Wilson,2,1,12,Executive Assistant,2025-10-30,145367.79,20,2.58
2459,Richard Moreno,10,2,6,Senior Analyst,2020-09-19,103169.28,10,2.16
2460,Jodi Conner,1,8,1,Manager,2022-06-27,82085.8,14,1.43
2461,Holly Terry,1,10,3,Executive Assistant,2024-11-10,136409.4,12,3.79
2462,Ryan Taylor,10,7,2,Specialist,2018-10-03,116937.94,8,3.01
2463,Brandon Williams,1,1,12,Director,2025-11-11,131069.21,18,2.26
2464,Jodi Watkins,12,4,5,Manager,2018-09-20,113482.41,7,2.38
2465,Paul Bradford,20,8,8,Associate,2023-10-02,47530.73,15,3.33
2466,Matthew Larson,12,7,9,Associate,2018-10-05,114492.17,8,3.77
2467,Kimberly Hernandez,11,10,8,Senior Analyst,2019-08-12,101792.63,11,3.9
2468,Misty Branch,5,4,5,Senior Analyst,2024-09-18,128433.75,6,3.53
2469,Joseph Jackson,10,5,10,Lead Engineer,2021-08-10,73506.22,16,2.28
2470,Derek Moody,17,4,2,Senior Analyst,2020-08-18,140146.95,6,1.87
2471,Gerald Pena,20,8,7,Manager,2023-03-28,98234.05,5,4.3
2472,Kenneth Taylor,6,8,10,Manager,2025-07-22,123072.01,22,4.36
2473,Mrs. Shawna Roman,11,2,6,Executive Assistant,2022-09-18,143209.21,21,4.52
2474,Tracy Diaz,18,3,9,Executive Assistant,2021-07-27,174118.63,11,2.45
2475,Kelly Smith,16,3,1,Executive Assistant,2020-04-27,96798.39,6,3.17
2476,Robert Davis,2,8,4,Specialist,2025-01-28,97478.74,3,2.25
2477,Joanna Ramos PhD,9,8,11,Senior Analyst,2024-02-28,114644.23,3,4.63
2478,Linda Erickson MD,19,10,11,Executive Assistant,2022-07-20,135948.62,2,1.25
2479,Katie Carter,3,5,7,Director,2018-12-28,55602.45,10,3.74
2480,Brian Fowler,9,3,6,Executive Assistant,2021-09-26,100724.03,3,4.55
2481,Rachel Mercer,12,3,10,Director,2021-12-29,179168.58,20,2.83
2482,Amanda Sullivan,3,10,11,Senior Analyst,2025-06-02,149282.81,6,3.55
2483,Jamie Garner,16,4,11,Manager,2023-01-28,135212.0,1,1.48
2484,William Johnson,16,10,5,Executive Assistant,2022-04-13,52972.9,18,2.04
2485,Terry Watkins,17,9,4,Executive Assistant,2024-10-04,92460.17,8,2.63
2486,Amy Wu DDS,17,9,9,Director,2019-04-10,97058.51,8,1.63
2487,Julie Tate,11,3,7,Specialist,2020-03-18,173357.32,23,3.27
2488,Amber Walls,6,7,8,Specialist,2019-06-13,60226.63,2,4.74
2489,James Watson,20,10,6,Director,2018-06-30,85863.57,16,2.34
2490,Kara Carr,15,2,2,Director,2021-09-18,93023.57,12,4.53
2491,Jessica Harris,18,3,3,Manager,2025-11-01,85956.64,11,3.08
2492,Danielle Spence,3,8,11,Lead Engineer,2024-11-11,90954.1,2,3.48
2493,Maria Maldonado,17,10,5,Director,2024-05-12,102349.22,8,1.41
2494,Jamie Phelps,18,6,1,Executive Assistant,2025-03-10,97739.29,5,2.06
2495,Christine Carroll,18,3,3,Executive Assistant,2023-03-28,121964.89,13,4.69
2496,Edward Fischer,18,3,6,Executive Assistant,2022-10-04,73270.81,6,4.86
2497,Dustin Rice,14,7,6,Associate,2020-06-11,123807.33,2,4.15
2498,Janet Diaz,17,5,5,Associate,2021-06-15,133784.98,7,3.79
2499,Patricia Sloan,7,5,12,Associate,2018-05-18,85595.14,1,2.77
2500,Cesar Bender,7,3,1,Specialist,2022-01-02,81027.02,3,3.0
